group,role,mouse_id,fov_id,spine_id,corrected_delta_v_40_80_percent,posterior_permissive
SynC 60-180,stim,M6-001,FOV-008,SP-0581,6.1984798143994615,0.1004833740949905
SynC 60-180,stim,M6-001,FOV-008,SP-0799,4.659110266121205,0.08762726948566
SynC 60-180,neighbor,M6-001,FOV-008,SP-0297,6.101671193384323,0.0
SynC 60-180,neighbor,M6-001,FOV-008,SP-0476,1.8920101938312253,0.0
SynC 60-180,neighbor,M6-001,FOV-008,SP-0049,6.750744976861586,0.0
SynC 60-180,neighbor,M6-001,FOV-008,SP-0804,-3.485080110793282,0.0
SynC 60-180,stim,M6-001,FOV-026,SP-0373,-6.243993604508315,0.0412092371108263
SynC 60-180,stim,M6-001,FOV-026,SP-1006,2.4239445007991423,0.0729178217898535
SynC 60-180,neighbor,M6-001,FOV-026,SP-0085,-10.665610140740087,0.0
SynC 60-180,neighbor,M6-001,FOV-026,SP-0864,-3.363420702964425,0.0
SynC 60-180,neighbor,M6-001,FOV-026,SP-0294,11.83460518493961,0.0
SynC 60-180,stim,M6-001,FOV-057,SP-0237,12.460858531658014,0.1919919918256921
SynC 60-180,stim,M6-001,FOV-057,SP-0089,8.804939132901884,0.1292828596311018
SynC 60-180,stim,M6-001,FOV-057,SP-0964,7.512801707866104,0.113733499133062
SynC 60-180,stim,M6-001,FOV-057,SP-0315,5.532040174164028,0.0945998601969473
SynC 60-180,neighbor,M6-001,FOV-057,SP-0626,2.2028342792903777,0.0
SynC 60-180,neighbor,M6-001,FOV-057,SP-0250,-1.843910097588697,0.0
SynC 60-180,neighbor,M6-001,FOV-057,SP-0461,1.6700403329547968,0.0
SynC 60-180,neighbor,M6-001,FOV-057,SP-0907,-1.6919990576119115,0.0
SynC 60-180,stim,M6-001,FOV-115,SP-0469,11.3935436943364,0.1702552088307189
SynC 60-180,stim,M6-001,FOV-115,SP-0984,2.9105630787233085,0.0757834646962689
SynC 60-180,stim,M6-001,FOV-115,SP-0158,3.012499434893202,0.0764055745146355
SynC 60-180,neighbor,M6-001,FOV-115,SP-0365,0.4599906000642279,0.0
SynC 60-180,neighbor,M6-001,FOV-115,SP-0818,1.4815053910857197,0.0
SynC 60-180,neighbor,M6-001,FOV-115,SP-0723,3.094861560647292,0.0
SynC 60-180,neighbor,M6-001,FOV-115,SP-0911,7.899879597892699,0.0
SynC 60-180,stim,M6-001,FOV-027,SP-0852,5.575898241238243,0.0949714375612333
SynC 60-180,stim,M6-001,FOV-027,SP-0683,13.411515117447598,0.2142708136899533
SynC 60-180,stim,M6-001,FOV-027,SP-0846,-5.041038681845565,0.0440972431282968
SynC 60-180,neighbor,M6-001,FOV-027,SP-0840,1.8717012320668631,0.0
SynC 60-180,neighbor,M6-001,FOV-027,SP-0406,6.831523063854198,0.0
SynC 60-180,neighbor,M6-001,FOV-027,SP-0518,-1.020888726224624,0.0
SynC 60-180,neighbor,M6-001,FOV-027,SP-0259,2.7093139859053563,0.0
SynC 60-180,stim,M6-001,FOV-054,SP-0700,-0.7291185293817011,0.0578487318928423
SynC 60-180,stim,M6-001,FOV-054,SP-0824,-17.210059026643645,0.025047459253063
SynC 60-180,stim,M6-001,FOV-054,SP-0145,29.35994686927829,0.904298043762807
SynC 60-180,neighbor,M6-001,FOV-054,SP-0701,-0.7317147045341388,0.0
SynC 60-180,neighbor,M6-001,FOV-054,SP-0628,-4.833190500808358,0.0
SynC 60-180,neighbor,M6-001,FOV-054,SP-1017,-3.882624014343637,0.0
SynC 60-180,neighbor,M6-001,FOV-054,SP-0991,11.898595406997506,0.0
SynC 60-180,stim,M6-001,FOV-113,SP-0395,1.443079746753787,0.0676264899071774
SynC 60-180,stim,M6-001,FOV-113,SP-0945,12.446062527100976,0.1916679341607171
SynC 60-180,stim,M6-001,FOV-113,SP-0978,6.06380831606087,0.0992524712997665
SynC 60-180,neighbor,M6-001,FOV-113,SP-0597,6.029682663688767,0.0
SynC 60-180,neighbor,M6-001,FOV-113,SP-0602,0.2641922220814701,0.0
SynC 60-180,neighbor,M6-001,FOV-113,SP-0596,2.553035764028404,0.0
SynC 60-180,neighbor,M6-001,FOV-113,SP-0871,12.763801329171306,0.0
SynC 60-180,stim,M6-007,FOV-128,SP-0354,11.327224142990152,0.1690089856275251
SynC 60-180,stim,M6-007,FOV-128,SP-0306,-6.243361816682476,0.041210669088906
SynC 60-180,stim,M6-007,FOV-128,SP-0899,6.465621127653071,0.1029910612992378
SynC 60-180,stim,M6-007,FOV-128,SP-0420,11.464255088484787,0.1715968222761375
SynC 60-180,neighbor,M6-007,FOV-128,SP-0488,-1.4117416141408217,0.0
SynC 60-180,neighbor,M6-007,FOV-128,SP-0126,1.067657516111001,0.0
SynC 60-180,neighbor,M6-007,FOV-128,SP-0196,-2.2300041354681084,0.0
SynC 60-180,neighbor,M6-007,FOV-128,SP-0784,-9.19350809846908,0.0
SynC 60-180,stim,M6-007,FOV-045,SP-1008,-2.423611593450118,0.051699428970445
SynC 60-180,stim,M6-007,FOV-045,SP-0086,11.277714703151885,0.1680861918579735
SynC 60-180,stim,M6-007,FOV-045,SP-0736,12.758488010022,0.1986543617979511
SynC 60-180,stim,M6-007,FOV-045,SP-1067,5.637404916772036,0.0954961386039195
SynC 60-180,neighbor,M6-007,FOV-045,SP-1039,-8.23996194997322,0.0
SynC 60-180,neighbor,M6-007,FOV-045,SP-0975,-11.814861335134006,0.0
SynC 60-180,neighbor,M6-007,FOV-045,SP-0928,2.2136915599433857,0.0
SynC 60-180,neighbor,M6-007,FOV-045,SP-0045,-0.7042139090730477,0.0
SynC 60-180,stim,M6-007,FOV-116,SP-0477,9.424499487791202,0.1377826306062137
SynC 60-180,stim,M6-007,FOV-116,SP-0117,-2.738694363523472,0.0506732789719261
SynC 60-180,stim,M6-007,FOV-116,SP-0621,39.32952697163748,0.9971681879373858
SynC 60-180,stim,M6-007,FOV-116,SP-0952,7.95311191639334,0.1187255532860654
SynC 60-180,neighbor,M6-007,FOV-116,SP-0934,-1.3310359536379135,0.0
SynC 60-180,neighbor,M6-007,FOV-116,SP-0081,-1.4909360381245724,0.0
SynC 60-180,neighbor,M6-007,FOV-116,SP-1011,3.2345499691698856,0.0
SynC 60-180,neighbor,M6-007,FOV-116,SP-0243,2.50574365646992,0.0
SynC 60-180,stim,M6-007,FOV-149,SP-0222,11.604720384447395,0.1743017599579376
SynC 60-180,stim,M6-007,FOV-149,SP-0182,18.467562990756527,0.3911387777315569
SynC 60-180,stim,M6-007,FOV-149,SP-0413,8.121961708144097,0.1207210456805541
SynC 60-180,stim,M6-007,FOV-149,SP-0619,26.60730770173776,0.8094807216103808
SynC 60-180,neighbor,M6-007,FOV-149,SP-0059,3.507422655575202,0.0
SynC 60-180,neighbor,M6-007,FOV-149,SP-0610,-4.899005709063798,0.0
SynC 60-180,neighbor,M6-007,FOV-149,SP-0274,-1.1814899969040542,0.0
SynC 60-180,neighbor,M6-007,FOV-149,SP-0562,3.3298647636642773,0.0
SynC 60-180,stim,M6-007,FOV-131,SP-0162,1.6578326245164916,0.0687328953610901
SynC 60-180,stim,M6-007,FOV-131,SP-0352,6.002664068045571,0.0987007996389618
SynC 60-180,stim,M6-007,FOV-131,SP-0692,8.789927301235503,0.1290858551841181
SynC 60-180,stim,M6-007,FOV-131,SP-0207,-6.666269939810731,0.0402707564919775
SynC 60-180,neighbor,M6-007,FOV-131,SP-0832,7.421267338847183,0.0
SynC 60-180,neighbor,M6-007,FOV-131,SP-0622,-1.1028301226873083,0.0
SynC 60-180,neighbor,M6-007,FOV-131,SP-0375,-6.623210278437678,0.0
SynC 60-180,neighbor,M6-007,FOV-131,SP-0816,16.778283715134634,0.0
SynC 60-180,stim,M6-007,FOV-063,SP-0669,14.35296957115857,0.2393815083063059
SynC 60-180,stim,M6-007,FOV-063,SP-0038,-6.986673927965086,0.039582763088985
SynC 60-180,stim,M6-007,FOV-063,SP-0809,5.902513915386745,0.0978067520312028
SynC 60-180,stim,M6-007,FOV-063,SP-0748,0.0424199668109353,0.0610491877096547
SynC 60-180,neighbor,M6-007,FOV-063,SP-0919,-3.977069162490468,0.0
SynC 60-180,neighbor,M6-007,FOV-063,SP-0699,0.6153359684120543,0.0
SynC 60-180,neighbor,M6-007,FOV-063,SP-0649,7.21195200618669,0.0
SynC 60-180,neighbor,M6-007,FOV-063,SP-0358,-6.056266624937916,0.0
SynC 60-180,stim,M6-007,FOV-105,SP-0014,3.64149455234064,0.0804219345967841
SynC 60-180,stim,M6-007,FOV-105,SP-0593,27.63681682484389,0.850120508035923
SynC 60-180,stim,M6-007,FOV-105,SP-0133,-2.6122988509778797,0.0510808688997518
SynC 60-180,stim,M6-007,FOV-105,SP-0634,15.7836926851817,0.2840323928113789
SynC 60-180,neighbor,M6-007,FOV-105,SP-0937,0.1892322651396536,0.0
SynC 60-180,neighbor,M6-007,FOV-105,SP-1049,4.349823159331299,0.0
SynC 60-180,neighbor,M6-007,FOV-105,SP-0603,16.76616251449856,0.0
SynC 60-180,neighbor,M6-007,FOV-105,SP-0054,-16.172437771007075,0.0
SynC 60-180,stim,M6-010,FOV-003,SP-0500,-6.628102209804641,0.0403540762591633
SynC 60-180,stim,M6-010,FOV-003,SP-1022,-2.2624871604266428,0.0522374103141215
SynC 60-180,stim,M6-010,FOV-003,SP-0611,3.765526306043384,0.081251587705934
SynC 60-180,stim,M6-010,FOV-003,SP-1032,-14.38324378291201,0.0279896096115792
SynC 60-180,neighbor,M6-010,FOV-003,SP-0612,-2.053165572090497,0.0
SynC 60-180,neighbor,M6-010,FOV-003,SP-0653,-7.6542755162796015,0.0
SynC 60-180,neighbor,M6-010,FOV-003,SP-0341,14.543949456104048,0.0
SynC 60-180,neighbor,M6-010,FOV-003,SP-0963,-6.639734773861853,0.0
SynC 60-180,stim,M6-010,FOV-118,SP-0677,-5.2155889258194446,0.043657276818892
SynC 60-180,stim,M6-010,FOV-118,SP-1077,-13.784340211572337,0.0286942087944048
SynC 60-180,stim,M6-010,FOV-118,SP-0368,-7.19137695705563,0.0391536776803877
SynC 60-180,stim,M6-010,FOV-118,SP-0176,13.83112713393218,0.2250691171087967
SynC 60-180,neighbor,M6-010,FOV-118,SP-0074,2.785621644661042,0.0
SynC 60-180,neighbor,M6-010,FOV-118,SP-0727,9.694914566038465,0.0
SynC 60-180,neighbor,M6-010,FOV-118,SP-0893,-19.4176897448238,0.0
SynC 60-180,neighbor,M6-010,FOV-118,SP-0445,-10.37643952016364,0.0
SynC 60-180,stim,M6-010,FOV-028,SP-0036,25.80656443230638,0.7738296916569426
SynC 60-180,stim,M6-010,FOV-028,SP-0782,-7.590635030424575,0.0383394006947598
SynC 60-180,stim,M6-010,FOV-028,SP-0973,0.9457036144849597,0.0651683517263565
SynC 60-180,stim,M6-010,FOV-028,SP-0885,6.187420628326581,0.1003814640505753
SynC 60-180,neighbor,M6-010,FOV-028,SP-0588,-0.5873101031966996,0.0
SynC 60-180,neighbor,M6-010,FOV-028,SP-0972,-8.103271778533268,0.0
SynC 60-180,neighbor,M6-010,FOV-028,SP-0933,-0.8701309247970761,0.0
SynC 60-180,neighbor,M6-010,FOV-028,SP-0742,-5.437329293681288,0.0
SynC 60-180,stim,M6-010,FOV-107,SP-0063,1.9392187600779085,0.070225746801282
SynC 60-180,stim,M6-010,FOV-107,SP-0058,90.08896884231277,1.0
SynC 60-180,stim,M6-010,FOV-107,SP-0909,9.939856616455312,0.1454346200729391
SynC 60-180,stim,M6-010,FOV-107,SP-0536,-6.881423789883373,0.039806530610343
SynC 60-180,neighbor,M6-010,FOV-107,SP-0996,-4.293820509391426,0.0
SynC 60-180,neighbor,M6-010,FOV-107,SP-0426,-2.2514120992740474,0.0
SynC 60-180,neighbor,M6-010,FOV-107,SP-0860,6.356803750564538,0.0
SynC 60-180,neighbor,M6-010,FOV-107,SP-0421,-2.502325220030487,0.0
SynC 60-180,stim,M6-010,FOV-139,SP-0589,12.943753989759772,0.2029427022485971
SynC 60-180,stim,M6-010,FOV-139,SP-0371,16.47920866230932,0.3087959093813267
SynC 60-180,stim,M6-010,FOV-139,SP-1052,15.045087386371517,0.2599574586717678
SynC 60-180,neighbor,M6-010,FOV-139,SP-0630,5.920549217012228,0.0
SynC 60-180,neighbor,M6-010,FOV-139,SP-0951,-2.84010067202,0.0
SynC 60-180,neighbor,M6-010,FOV-139,SP-0980,-4.952269941845406,0.0
SynC 60-180,neighbor,M6-010,FOV-139,SP-0831,11.38618180822969,0.0
SynC 60-180,stim,M6-010,FOV-095,SP-0003,13.679643851260014,0.2210995298902541
SynC 60-180,stim,M6-010,FOV-095,SP-0711,-1.533582020967316,0.0547893578918893
SynC 60-180,stim,M6-010,FOV-095,SP-0498,-4.701127849334235,0.0449757407803639
SynC 60-180,stim,M6-010,FOV-095,SP-0446,14.784345798742256,0.2519863823948913
SynC 60-180,neighbor,M6-010,FOV-095,SP-1058,12.250935062533294,0.0
SynC 60-180,neighbor,M6-010,FOV-095,SP-0392,-7.920110404467076,0.0
SynC 60-180,neighbor,M6-010,FOV-095,SP-0295,18.93749115105279,0.0
SynC 60-180,neighbor,M6-010,FOV-095,SP-0434,-10.468049260025644,0.0
SynC 60-180,stim,M6-010,FOV-011,SP-0918,-9.863305459733226,0.0342138712883525
SynC 60-180,stim,M6-010,FOV-011,SP-0157,-12.314485769820026,0.0305654006369189
SynC 60-180,stim,M6-010,FOV-011,SP-0639,170.9517326136534,1.0
SynC 60-180,neighbor,M6-010,FOV-011,SP-0391,-0.0001931781425446,0.0
SynC 60-180,neighbor,M6-010,FOV-011,SP-0015,-7.442070732639672,0.0
SynC 60-180,neighbor,M6-010,FOV-011,SP-0587,-20.232926294469436,0.0
SynC 60-180,neighbor,M6-010,FOV-011,SP-0023,-1.378815033791169,0.0
SynC 60-180,stim,M6-011,FOV-060,SP-0268,4.940414349505766,0.0897890349623605
SynC 60-180,stim,M6-011,FOV-060,SP-0829,12.54486117777896,0.1938445111063634
SynC 60-180,stim,M6-011,FOV-060,SP-0438,-7.29642862303961,0.0389365639011424
SynC 60-180,neighbor,M6-011,FOV-060,SP-0773,17.331615820057173,0.0
SynC 60-180,neighbor,M6-011,FOV-060,SP-0574,2.739287062235727,0.0
SynC 60-180,neighbor,M6-011,FOV-060,SP-0017,-7.440258742182987,0.0
SynC 60-180,neighbor,M6-011,FOV-060,SP-0757,-12.986641468695174,0.0
SynC 60-180,stim,M6-011,FOV-055,SP-0949,4.6706689795205705,0.0877145692191961
SynC 60-180,stim,M6-011,FOV-055,SP-0076,-1.1345482893871726,0.056273359841322
SynC 60-180,stim,M6-011,FOV-055,SP-0833,-0.6077575705327355,0.058334127161498
SynC 60-180,neighbor,M6-011,FOV-055,SP-0981,22.45498418958706,0.0
SynC 60-180,neighbor,M6-011,FOV-055,SP-0399,6.288246172590043,0.0
SynC 60-180,neighbor,M6-011,FOV-055,SP-0552,7.918473291889642,0.0
SynC 60-180,stim,M6-011,FOV-081,SP-0342,13.462370855840252,0.2155468687478602
SynC 60-180,stim,M6-011,FOV-081,SP-0202,27.208045209356964,0.8339356931144817
SynC 60-180,stim,M6-011,FOV-081,SP-0077,7.439317129142744,0.1129291250214551
SynC 60-180,neighbor,M6-011,FOV-081,SP-1019,9.495974468870026,0.0
SynC 60-180,neighbor,M6-011,FOV-081,SP-0050,5.811302378366483,0.0
SynC 60-180,neighbor,M6-011,FOV-081,SP-0896,3.488536003905007,0.0
SynC 60-180,neighbor,M6-011,FOV-081,SP-0758,-5.336651431490153,0.0
SynC 60-180,stim,M6-011,FOV-030,SP-0257,7.345571406487803,0.111914545214809
SynC 60-180,stim,M6-011,FOV-030,SP-0525,23.172063828479896,0.6379247217347385
SynC 60-180,stim,M6-011,FOV-030,SP-0721,17.671647340763375,0.3561280276940087
SynC 60-180,stim,M6-011,FOV-030,SP-0789,7.106087452770942,0.1093804019135943
SynC 60-180,neighbor,M6-011,FOV-030,SP-0554,4.557872523018682,0.0
SynC 60-180,neighbor,M6-011,FOV-030,SP-0828,14.223387314100025,0.0
SynC 60-180,neighbor,M6-011,FOV-030,SP-0982,-2.928981626720492,0.0
SynC 60-180,stim,M6-011,FOV-097,SP-0127,-3.285654092807276,0.0489696909083111
SynC 60-180,stim,M6-011,FOV-097,SP-0654,0.0098416217361723,0.0609083859136484
SynC 60-180,stim,M6-011,FOV-097,SP-0359,11.858885957331228,0.1793339344553519
SynC 60-180,neighbor,M6-011,FOV-097,SP-0529,-4.209312093099444,0.0
SynC 60-180,neighbor,M6-011,FOV-097,SP-1055,-1.4948903143511365,0.0
SynC 60-180,neighbor,M6-011,FOV-097,SP-0745,-8.713289441632943,0.0
SynC 60-180,stim,M6-004,FOV-152,SP-1081,6.3120919865127245,0.101539002330665
SynC 60-180,stim,M6-004,FOV-152,SP-0171,1.4383340308182455,0.0676023542133236
SynC 60-180,stim,M6-004,FOV-152,SP-0393,5.891788279896992,0.0977117006431555
SynC 60-180,stim,M6-004,FOV-152,SP-0209,-2.733950182456779,0.0506884809556217
SynC 60-180,stim,M6-004,FOV-041,SP-0904,103.93364875196797,1.0
SynC 60-180,stim,M6-004,FOV-041,SP-0121,5.353896650059308,0.0931122330901857
SynC 60-180,stim,M6-004,FOV-041,SP-0897,-16.167187964471136,0.026064860371879
SynC 60-180,stim,M6-004,FOV-041,SP-0130,1.483014437628077,0.0678301228252104
SynC 60-180,stim,M6-004,FOV-035,SP-0746,5.85975474483003,0.0974286141350489
SynC 60-180,stim,M6-004,FOV-035,SP-0239,-6.531242532111087,0.0405668471913926
SynC 60-180,stim,M6-004,FOV-035,SP-0614,-5.92234756095062,0.0419493689066143
SynC 60-180,stim,M6-004,FOV-035,SP-0617,34.1393899024222,0.978976187188946
SynC 60-180,stim,M6-004,FOV-154,SP-0296,7.782708185979495,0.1167579292095522
SynC 60-180,stim,M6-004,FOV-154,SP-0584,-1.6222796560470791,0.054468094582576
SynC 60-180,stim,M6-004,FOV-154,SP-0793,-6.531061287582051,0.0405672471246309
SynC 60-180,stim,M6-004,FOV-082,SP-0997,-12.526465044035886,0.0302822689245769
SynC 60-180,stim,M6-004,FOV-082,SP-1028,23.55133620309467,0.658674056361703
SynC 60-180,stim,M6-004,FOV-082,SP-0658,-15.203430879634114,0.0270738475169719
SynC 60-180,stim,M6-004,FOV-129,SP-0641,6.340724113759587,0.1018075580275216
SynC 60-180,stim,M6-004,FOV-129,SP-0644,4.356406016947806,0.085386247648355
SynC 60-180,stim,M6-004,FOV-129,SP-0031,9.469194951630891,0.1384246476708973
SynC 60-180,stim,M6-004,FOV-129,SP-0775,-20.096177721358444,0.0225777951533141
SynC 60-180,stim,M6-004,FOV-083,SP-0235,17.589364909773966,0.3526630680885939
SynC 60-180,stim,M6-004,FOV-083,SP-0916,17.042541042809482,0.3303840437199885
SynC 60-180,stim,M6-004,FOV-083,SP-0950,-5.022386558543682,0.0441446988110842
SynC 0-60,stim,M6-001,FOV-156,SP-0028,7.068518274072502,0.022194583895214
SynC 0-60,stim,M6-001,FOV-156,SP-0417,3.1838664313715217,0.0153434062410447
SynC 0-60,neighbor,M6-001,FOV-156,SP-0101,-0.5677973370274648,0.0
SynC 0-60,neighbor,M6-001,FOV-156,SP-0266,-1.991275830208884,0.0
SynC 0-60,neighbor,M6-001,FOV-156,SP-1010,-4.200123707494604,0.0
SynC 0-60,neighbor,M6-001,FOV-156,SP-0440,1.0910798839687492,0.0
SynC 0-60,stim,M6-001,FOV-078,SP-0655,3.0380987341962213,0.0151520172877229
SynC 0-60,stim,M6-001,FOV-078,SP-0335,-1.5451205176655105,0.0106331590164693
SynC 0-60,stim,M6-001,FOV-078,SP-0737,2.196017002641487,0.014115793486454
SynC 0-60,stim,M6-001,FOV-078,SP-0865,-5.144360873103703,0.008435446012791
SynC 0-60,neighbor,M6-001,FOV-078,SP-0550,3.560412002221665,0.0
SynC 0-60,neighbor,M6-001,FOV-078,SP-0722,-0.0075470799784771,0.0
SynC 0-60,neighbor,M6-001,FOV-078,SP-0301,-7.219778413183161,0.0
SynC 0-60,neighbor,M6-001,FOV-078,SP-0011,0.3922194216640147,0.0
SynC 0-60,stim,M6-007,FOV-086,SP-0167,-14.599067972822995,0.005267113547449
SynC 0-60,stim,M6-007,FOV-086,SP-0733,-0.9750274720166416,0.0110684721384675
SynC 0-60,stim,M6-007,FOV-086,SP-0493,3.287043532511451,0.0154811512901033
SynC 0-60,stim,M6-007,FOV-086,SP-0225,-9.676628729014825,0.0065915136786239
SynC 0-60,neighbor,M6-007,FOV-086,SP-0255,2.718110331157787,0.0
SynC 0-60,neighbor,M6-007,FOV-086,SP-0819,3.6976987966206343,0.0
SynC 0-60,neighbor,M6-007,FOV-086,SP-0370,-4.015197075743992,0.0
SynC 0-60,neighbor,M6-007,FOV-086,SP-0144,-5.323392955897575,0.0
SynC 0-60,stim,M6-007,FOV-044,SP-0839,18.906454523884896,0.1148787172028703
SynC 0-60,stim,M6-007,FOV-044,SP-0582,-10.41511578975233,0.0063568889586056
SynC 0-60,stim,M6-007,FOV-044,SP-0326,-8.523308907214574,0.0069897728364941
SynC 0-60,stim,M6-007,FOV-044,SP-0694,-2.6102722310837043,0.0098914562596323
SynC 0-60,neighbor,M6-007,FOV-044,SP-0993,3.700724141009842,0.0
SynC 0-60,neighbor,M6-007,FOV-044,SP-0105,-3.962120630697826,0.0
SynC 0-60,neighbor,M6-007,FOV-044,SP-0940,1.5090171390170868,0.0
SynC 0-60,neighbor,M6-007,FOV-044,SP-0540,-7.732661991811778,0.0
SynC 0-60,stim,M6-007,FOV-062,SP-0487,-2.783196824410936,0.0097791021204982
SynC 0-60,stim,M6-007,FOV-062,SP-0903,-6.691136938646344,0.0077153941864392
SynC 0-60,stim,M6-007,FOV-062,SP-0219,-4.830028990715588,0.0085958481510384
SynC 0-60,stim,M6-007,FOV-062,SP-0057,-6.016237096579605,0.0080161414590945
SynC 0-60,neighbor,M6-007,FOV-062,SP-0355,0.9251966494764752,0.0
SynC 0-60,neighbor,M6-007,FOV-062,SP-0542,-3.345770288411847,0.0
SynC 0-60,neighbor,M6-007,FOV-062,SP-0383,12.12206971809777,0.0
SynC 0-60,neighbor,M6-007,FOV-062,SP-0143,-3.749786150983592,0.0
SynC 0-60,stim,M6-007,FOV-001,SP-0210,-0.97842963932303,0.0110657884684324
SynC 0-60,stim,M6-007,FOV-001,SP-0917,-2.243505123458625,0.0101369553171252
SynC 0-60,stim,M6-007,FOV-001,SP-0198,4.110218384172187,0.0166519718067946
SynC 0-60,stim,M6-007,FOV-001,SP-0752,3.0076694870397014,0.0151125322868913
SynC 0-60,neighbor,M6-007,FOV-001,SP-0520,7.405005038642938,0.0
SynC 0-60,neighbor,M6-007,FOV-001,SP-0595,-5.01920891089386,0.0
SynC 0-60,neighbor,M6-007,FOV-001,SP-0560,-5.461363694813621,0.0
SynC 0-60,neighbor,M6-007,FOV-001,SP-0508,0.1485656986273829,0.0
SynC 0-60,stim,M6-010,FOV-122,SP-0585,11.887255914262804,0.0391151711826077
SynC 0-60,stim,M6-010,FOV-122,SP-0007,32.65575813385912,0.8365983789749972
SynC 0-60,stim,M6-010,FOV-122,SP-0738,3.2125326759000896,0.0153814855233554
SynC 0-60,stim,M6-010,FOV-122,SP-0796,-14.336844928678564,0.005325362570224
SynC 0-60,neighbor,M6-010,FOV-122,SP-0140,5.8533773573115,0.0
SynC 0-60,neighbor,M6-010,FOV-122,SP-0590,5.371163167101174,0.0
SynC 0-60,neighbor,M6-010,FOV-122,SP-0192,1.4175084653661505,0.0
SynC 0-60,neighbor,M6-010,FOV-122,SP-0708,4.953206453786846,0.0
SynC 0-60,stim,M6-010,FOV-101,SP-0863,24.132662034830865,0.2922380323216061
SynC 0-60,stim,M6-010,FOV-101,SP-0783,-5.1685484258289165,0.0084233136398158
SynC 0-60,stim,M6-010,FOV-101,SP-0146,10.030054743504394,0.0309472140922204
SynC 0-60,neighbor,M6-010,FOV-101,SP-0481,-8.727125556940704,0.0
SynC 0-60,neighbor,M6-010,FOV-101,SP-0380,1.52096586073881,0.0
SynC 0-60,neighbor,M6-010,FOV-101,SP-0851,-4.484191898632231,0.0
SynC 0-60,neighbor,M6-010,FOV-101,SP-1030,-6.671533094284683,0.0
SynC 0-60,stim,M6-010,FOV-075,SP-0561,-2.487209548223128,0.0099727230669318
SynC 0-60,stim,M6-010,FOV-075,SP-0594,5.605055258675278,0.0191546118499344
SynC 0-60,stim,M6-010,FOV-075,SP-0800,3.465591053307245,0.0157240852200114
SynC 0-60,stim,M6-010,FOV-075,SP-1033,-8.646209139781073,0.0069453516792721
SynC 0-60,neighbor,M6-010,FOV-075,SP-0547,-13.974273810497976,0.0
SynC 0-60,neighbor,M6-010,FOV-075,SP-0606,7.459488663983177,0.0
SynC 0-60,neighbor,M6-010,FOV-075,SP-0998,-0.5456526525855112,0.0
SynC 0-60,neighbor,M6-010,FOV-075,SP-0817,-20.178075112525686,0.0
SynC 0-60,stim,M6-011,FOV-002,SP-0697,-0.05740925052573,0.0118328555990537
SynC 0-60,stim,M6-011,FOV-002,SP-0292,-5.958459265595356,0.0080428202083322
SynC 0-60,stim,M6-011,FOV-002,SP-0743,1.9743163576500649,0.0138613842610174
SynC 0-60,stim,M6-011,FOV-002,SP-0253,5.886632436156896,0.0196892660319144
SynC 0-60,neighbor,M6-011,FOV-002,SP-0066,15.003310830069488,0.0
SynC 0-60,neighbor,M6-011,FOV-002,SP-1001,-4.002000308074357,0.0
SynC 0-60,neighbor,M6-011,FOV-002,SP-0466,4.069351405983383,0.0
SynC 0-60,stim,M6-011,FOV-100,SP-0650,5.285014288410304,0.0185729744391021
SynC 0-60,stim,M6-011,FOV-100,SP-0468,0.8897063551213678,0.012715146333785
SynC 0-60,stim,M6-011,FOV-100,SP-0470,5.61177098276351,0.0191671088951312
SynC 0-60,neighbor,M6-011,FOV-100,SP-0330,6.894972742551696,0.0
SynC 0-60,neighbor,M6-011,FOV-100,SP-0814,-9.768340734538253,0.0
SynC 0-60,neighbor,M6-011,FOV-100,SP-1018,0.098700807271614,0.0
SynC 0-60,stim,M6-011,FOV-092,SP-0111,3.3613090772436145,0.0155814877215815
SynC 0-60,stim,M6-011,FOV-092,SP-0008,7.085437884679739,0.0222338025844029
SynC 0-60,stim,M6-011,FOV-092,SP-0565,5.012759411027938,0.0180988879438549
SynC 0-60,neighbor,M6-011,FOV-092,SP-0278,-2.552929100001188,0.0
SynC 0-60,neighbor,M6-011,FOV-092,SP-0986,-0.3009586135317006,0.0
SynC 0-60,neighbor,M6-011,FOV-092,SP-0598,-2.73651018465415,0.0
SynC 0-60,stim,M6-011,FOV-029,SP-0706,3.1179469407013967,0.0152563937167401
SynC 0-60,stim,M6-011,FOV-029,SP-0041,1.6165878798477376,0.0134658348492459
SynC 0-60,neighbor,M6-011,FOV-029,SP-0883,-0.7058518158888996,0.0
SynC 0-60,neighbor,M6-011,FOV-029,SP-0112,0.1755360221836875,0.0
SynC 0-60,neighbor,M6-011,FOV-029,SP-0808,7.961229845563574,0.0
SynC 0-60,stim,M6-011,FOV-141,SP-0530,11.773338579839033,0.0385339080753892
SynC 0-60,stim,M6-011,FOV-141,SP-0035,1.7029131817738306,0.0135596411542977
SynC 0-60,neighbor,M6-011,FOV-141,SP-0334,2.1367664970727667,0.0
SynC 0-60,neighbor,M6-011,FOV-141,SP-1021,9.628095914546805,0.0
SynC 0-60,neighbor,M6-011,FOV-141,SP-0791,0.7813893415920501,0.0
SynC 0-60,neighbor,M6-011,FOV-141,SP-0786,8.705539678964778,0.0
SynC 0-60,stim,M6-004,FOV-120,SP-0166,-10.673883897634516,0.0062781331349638
SynC 0-60,stim,M6-004,FOV-120,SP-0707,-6.121966336248611,0.0079677112735709
SynC 0-60,stim,M6-004,FOV-120,SP-0258,6.41401963552149,0.0207524762988481
SynC 0-60,stim,M6-004,FOV-120,SP-0260,-3.846267086429477,0.0091327139642092
SynC 0-60,stim,M6-004,FOV-134,SP-0419,17.39636518153708,0.0889113049126494
SynC 0-60,stim,M6-004,FOV-134,SP-1053,-17.89190893394563,0.0046234975734933
SynC 0-60,stim,M6-004,FOV-134,SP-0139,0.1222433194518198,0.0119925117502732
SynC 0-60,stim,M6-004,FOV-134,SP-0246,23.470390219629905,0.259892633367882
SynC before,stim,M6-001,FOV-087,SP-0379,14.387655269938268,0.3294469583110934
SynC before,stim,M6-001,FOV-087,SP-1023,29.373082076005407,0.936428809605358
SynC before,stim,M6-001,FOV-087,SP-0020,48.37370428122738,0.9999733098839664
SynC before,neighbor,M6-001,FOV-087,SP-0987,6.169631607708392,0.0
SynC before,neighbor,M6-001,FOV-087,SP-1050,2.814420605791685,0.0
SynC before,neighbor,M6-001,FOV-087,SP-0397,-1.758792856030429,0.0
SynC before,neighbor,M6-001,FOV-087,SP-0456,-3.450319796398011,0.0
SynC before,stim,M6-001,FOV-150,SP-0691,-4.228633697926879,0.0700159513195782
SynC before,stim,M6-001,FOV-150,SP-0553,-7.637842088923252,0.0581525410767501
SynC before,stim,M6-001,FOV-150,SP-0444,2.202839969861083,0.1070402438207921
SynC before,stim,M6-001,FOV-150,SP-0882,-1.1412981757628922,0.0847007646288279
SynC before,neighbor,M6-001,FOV-150,SP-0687,-5.136702734375064,0.0
SynC before,neighbor,M6-001,FOV-150,SP-0062,-0.9764698223678488,0.0
SynC before,neighbor,M6-001,FOV-150,SP-0797,2.864653997114352,0.0
SynC before,neighbor,M6-001,FOV-150,SP-0567,-5.002879075534674,0.0
SynC before,stim,M6-001,FOV-147,SP-0345,-0.429646124970839,0.0887994848117718
SynC before,stim,M6-001,FOV-147,SP-0184,4.190773364243569,0.1249154819884259
SynC before,stim,M6-001,FOV-147,SP-0771,60.32894165935976,0.9999999778578816
SynC before,stim,M6-001,FOV-147,SP-0343,-3.356793677433633,0.0737139822121005
SynC before,neighbor,M6-001,FOV-147,SP-0976,-9.252064138677865,0.0
SynC before,neighbor,M6-001,FOV-147,SP-0966,1.385905286075495,0.0
SynC before,neighbor,M6-001,FOV-147,SP-0067,-1.4656170532075836,0.0
SynC before,neighbor,M6-001,FOV-147,SP-1029,-2.356836043343641,0.0
SynC before,stim,M6-001,FOV-096,SP-0480,-1.9902263385415453,0.0801948389636026
SynC before,stim,M6-001,FOV-096,SP-0161,-1.4360910176660429,0.0830908500539479
SynC before,stim,M6-001,FOV-096,SP-0527,0.5285959164923227,0.0948358875811455
SynC before,stim,M6-001,FOV-096,SP-0802,4.719283859212271,0.1304148635024617
SynC before,neighbor,M6-001,FOV-096,SP-0924,7.380371071457087,0.0
SynC before,neighbor,M6-001,FOV-096,SP-0834,4.623097524964599,0.0
SynC before,neighbor,M6-001,FOV-096,SP-0548,0.5439929614811301,0.0
SynC before,neighbor,M6-001,FOV-096,SP-0513,-0.3336091962015611,0.0
SynC before,stim,M6-007,FOV-016,SP-0485,0.9636120487861471,0.0977914194920433
SynC before,stim,M6-007,FOV-016,SP-0163,-4.528380504105502,0.068815080390199
SynC before,stim,M6-007,FOV-016,SP-0138,4.630879926495592,0.1294706116721209
SynC before,stim,M6-007,FOV-016,SP-0906,12.11101142627675,0.2599671126100662
SynC before,neighbor,M6-007,FOV-016,SP-0705,-10.771147773713777,0.0
SynC before,neighbor,M6-007,FOV-016,SP-0129,0.3306064874841644,0.0
SynC before,neighbor,M6-007,FOV-016,SP-1040,15.718892773879988,0.0
SynC before,neighbor,M6-007,FOV-016,SP-0186,1.3791729208311476,0.0
SynC before,stim,M6-007,FOV-046,SP-0479,5.149547349974597,0.1351566284296472
SynC before,stim,M6-007,FOV-046,SP-0790,-2.235234027422052,0.0789660725318754
SynC before,stim,M6-007,FOV-046,SP-0366,-3.266818275588339,0.0741139469001235
SynC before,stim,M6-007,FOV-046,SP-0623,7.2261638843999005,0.1618888262965352
SynC before,neighbor,M6-007,FOV-046,SP-0862,1.0256458466628553,0.0
SynC before,neighbor,M6-007,FOV-046,SP-0888,-7.103133402065418,0.0
SynC before,neighbor,M6-007,FOV-046,SP-0858,5.006083970052065,0.0
SynC before,neighbor,M6-007,FOV-046,SP-0403,1.6325521825439044,0.0
SynC before,stim,M6-007,FOV-127,SP-0803,155.56886055630176,1.0
SynC before,stim,M6-007,FOV-127,SP-0811,16.11647931978197,0.3945427841080661
SynC before,stim,M6-007,FOV-127,SP-0618,89.24093142823848,1.0
SynC before,stim,M6-007,FOV-127,SP-1003,1.154879332592125,0.0991365308447269
SynC before,neighbor,M6-007,FOV-127,SP-0726,2.510038630675377,0.0
SynC before,neighbor,M6-007,FOV-127,SP-0441,1.428949850347634,0.0
SynC before,neighbor,M6-007,FOV-127,SP-0377,5.578511669230089,0.0
SynC before,neighbor,M6-007,FOV-127,SP-0521,-3.408732217146268,0.0
SynC before,stim,M6-007,FOV-012,SP-0718,-8.216985536569794,0.0564753115038158
SynC before,stim,M6-007,FOV-012,SP-0661,20.462586383481007,0.598387269217362
SynC before,stim,M6-007,FOV-012,SP-0915,-19.220586110099298,0.0356842148257761
SynC before,stim,M6-007,FOV-012,SP-0103,19.243633870871296,0.5371946232445699
SynC before,neighbor,M6-007,FOV-012,SP-0947,-3.7002850302964174,0.0
SynC before,neighbor,M6-007,FOV-012,SP-0450,-3.736431955531712,0.0
SynC before,neighbor,M6-007,FOV-012,SP-0113,8.636152528421187,0.0
SynC before,neighbor,M6-007,FOV-012,SP-0108,-8.91422609097128,0.0
SynC before,stim,M6-007,FOV-073,SP-1013,22.988250798619216,0.72367470851519
SynC before,stim,M6-007,FOV-073,SP-0114,0.2086456995572267,0.0927503076615365
SynC before,stim,M6-007,FOV-073,SP-0624,-22.900721906912924,0.0315881230562279
SynC before,stim,M6-007,FOV-073,SP-0873,-2.303437738053107,0.078629447485626
SynC before,neighbor,M6-007,FOV-073,SP-0656,-10.63801658739838,0.0
SynC before,neighbor,M6-007,FOV-073,SP-0287,-12.230079066719926,0.0
SynC before,neighbor,M6-007,FOV-073,SP-0570,10.933943685110137,0.0
SynC before,neighbor,M6-007,FOV-073,SP-0415,6.073635412737207,0.0
SynC before,stim,M6-007,FOV-006,SP-0497,-14.350582338414345,0.0428530795229553
SynC before,stim,M6-007,FOV-006,SP-1063,7.497839870238227,0.1659204717612893
SynC before,stim,M6-007,FOV-006,SP-1066,0.3483285161083108,0.0936518819517629
SynC before,stim,M6-007,FOV-006,SP-0961,5.985302538646436,0.1451044584112629
SynC before,neighbor,M6-007,FOV-006,SP-0638,2.115934731132907,0.0
SynC before,neighbor,M6-007,FOV-006,SP-0522,0.2804158584854193,0.0
SynC before,neighbor,M6-007,FOV-006,SP-0104,-0.1605824005855241,0.0
SynC before,neighbor,M6-007,FOV-006,SP-0600,-7.830981516745093,0.0
SynC before,stim,M6-007,FOV-053,SP-0348,-11.528472843157896,0.0483082887177692
SynC before,stim,M6-007,FOV-053,SP-0168,-8.64341820968951,0.0552928995143266
SynC before,stim,M6-007,FOV-053,SP-0463,29.686991479515036,0.9419474533165488
SynC before,stim,M6-007,FOV-053,SP-0214,4.756992264926852,0.1308206878488436
SynC before,neighbor,M6-007,FOV-053,SP-0400,-4.059502486149438,0.0
SynC before,neighbor,M6-007,FOV-053,SP-0233,-4.45276926514768,0.0
SynC before,neighbor,M6-007,FOV-053,SP-0702,15.80634811483072,0.0
SynC before,neighbor,M6-007,FOV-053,SP-0935,0.8302707001702723,0.0
SynC before,stim,M6-007,FOV-117,SP-0659,82.57615291504247,0.9999999999999994
SynC before,stim,M6-007,FOV-117,SP-0327,-5.442140157883673,0.0653586890598905
SynC before,stim,M6-007,FOV-117,SP-0559,12.09403350719889,0.2595143338362755
SynC before,stim,M6-007,FOV-117,SP-0643,2.6158243567629853,0.1104223360456913
SynC before,neighbor,M6-007,FOV-117,SP-0396,-2.563229557279959,0.0
SynC before,neighbor,M6-007,FOV-117,SP-0776,-3.32091680389298,0.0
SynC before,neighbor,M6-007,FOV-117,SP-0454,-6.779350508101168,0.0
SynC before,neighbor,M6-007,FOV-117,SP-0901,-1.9053324701128536,0.0
SynC before,stim,M6-010,FOV-145,SP-0682,-1.971120961573232,0.0802919579430137
SynC before,stim,M6-010,FOV-145,SP-0169,4.644744161843076,0.1296180361697276
SynC before,stim,M6-010,FOV-145,SP-0605,-4.541215560539114,0.0687644265119584
SynC before,stim,M6-010,FOV-145,SP-0193,11.374298934934885,0.2411438909308196
SynC before,neighbor,M6-010,FOV-145,SP-0496,-3.00473554065645,0.0
SynC before,neighbor,M6-010,FOV-145,SP-0322,4.730653505216823,0.0
SynC before,neighbor,M6-010,FOV-145,SP-0188,7.910399770299222,0.0
SynC before,neighbor,M6-010,FOV-145,SP-0128,-5.062174442157726,0.0
SynC before,stim,M6-010,FOV-138,SP-0543,18.83092950026274,0.5169251307769059
SynC before,stim,M6-010,FOV-138,SP-0443,-45.617105233335096,0.0181770904008023
SynC before,neighbor,M6-010,FOV-138,SP-0262,-1.6253679435940165,0.0
SynC before,neighbor,M6-010,FOV-138,SP-0100,-5.592165780945953,0.0
SynC before,neighbor,M6-010,FOV-138,SP-0633,-33.148505743500245,0.0
SynC before,neighbor,M6-010,FOV-138,SP-0637,-17.198225173321696,0.0
SynC before,stim,M6-010,FOV-123,SP-0959,3.877036798644548,0.1218108222610799
SynC before,stim,M6-010,FOV-123,SP-0336,130.33959843656754,1.0
SynC before,stim,M6-010,FOV-123,SP-0001,26.771799464045685,0.8734681923486934
SynC before,stim,M6-010,FOV-123,SP-0347,53.02138378991375,0.9999979486784778
SynC before,neighbor,M6-010,FOV-123,SP-0974,11.571600344990657,0.0
SynC before,neighbor,M6-010,FOV-123,SP-0131,6.618353975548896,0.0
SynC before,neighbor,M6-010,FOV-123,SP-0842,-14.690092293765437,0.0
SynC before,neighbor,M6-010,FOV-123,SP-0018,-30.03749152855619,0.0
SynC before,stim,M6-010,FOV-106,SP-0056,-21.487651642307394,0.0330531500006095
SynC before,stim,M6-010,FOV-106,SP-0642,35.89487006159175,0.9928413986786484
SynC before,stim,M6-010,FOV-106,SP-0102,6.981482404409439,0.1583723833730533
SynC before,neighbor,M6-010,FOV-106,SP-0551,-13.229420087542978,0.0
SynC before,neighbor,M6-010,FOV-106,SP-0090,-4.572314923260649,0.0
SynC before,neighbor,M6-010,FOV-106,SP-0609,-24.899978852930385,0.0
SynC before,neighbor,M6-010,FOV-106,SP-0968,-5.047083484517982,0.0
SynC before,stim,M6-010,FOV-102,SP-1045,16.004917081665226,0.3900166685193484
SynC before,stim,M6-010,FOV-102,SP-0763,-3.690684218887989,0.0722603852261062
SynC before,stim,M6-010,FOV-102,SP-0096,42.21505845279754,0.9994756074299506
SynC before,stim,M6-010,FOV-102,SP-0533,8.175806838237538,0.176597097429832
SynC before,neighbor,M6-010,FOV-102,SP-0165,5.452370272254822,0.0
SynC before,neighbor,M6-010,FOV-102,SP-0310,-2.448100034613633,0.0
SynC before,neighbor,M6-010,FOV-102,SP-0954,5.601185717356317,0.0
SynC before,neighbor,M6-010,FOV-102,SP-0030,-16.812107705158343,0.0
SynC before,stim,M6-011,FOV-010,SP-1012,12.616612476751568,0.2738762217680162
SynC before,stim,M6-011,FOV-010,SP-0453,16.2314301168264,0.399252281997924
SynC before,stim,M6-011,FOV-010,SP-0709,5.864109413345637,0.1435983556679449
SynC before,stim,M6-011,FOV-010,SP-0302,6.301182634426648,0.1491367591622533
SynC before,neighbor,M6-011,FOV-010,SP-0398,-7.875558144527643,0.0
SynC before,neighbor,M6-011,FOV-010,SP-0002,0.4360160797041862,0.0
SynC before,neighbor,M6-011,FOV-010,SP-0148,0.2401494700667834,0.0
SynC before,neighbor,M6-011,FOV-010,SP-0042,-0.3258035193771739,0.0
SynC before,stim,M6-011,FOV-037,SP-0798,15.135023018018533,0.3562562880551383
SynC before,stim,M6-011,FOV-037,SP-0208,-1.4336351047585187,0.0831040586582295
SynC before,neighbor,M6-011,FOV-037,SP-0271,-14.52293627602346,0.0
SynC before,neighbor,M6-011,FOV-037,SP-0356,-6.3378759946744125,0.0
SynC before,neighbor,M6-011,FOV-037,SP-0970,-13.972589835167812,0.0
SynC before,stim,M6-011,FOV-064,SP-0079,-0.7067719263497467,0.0871665538682964
SynC before,stim,M6-011,FOV-064,SP-0360,11.768274309388175,0.251002296749404
SynC before,stim,M6-011,FOV-064,SP-0187,-8.723775500549717,0.0550748733511888
SynC before,stim,M6-011,FOV-064,SP-0821,24.122556439230927,0.7750922208202139
SynC before,neighbor,M6-011,FOV-064,SP-0537,-9.582592785591602,0.0
SynC before,neighbor,M6-011,FOV-064,SP-0715,-10.682830011986583,0.0
SynC before,neighbor,M6-011,FOV-064,SP-0467,-0.1213382154484977,0.0
SynC before,neighbor,M6-011,FOV-064,SP-0212,1.7275019437052808,0.0
SynC before,stim,M6-011,FOV-110,SP-0744,-14.629888418272612,0.0423729720207788
SynC before,stim,M6-011,FOV-110,SP-1060,-0.2438127764321022,0.0899218656082576
SynC before,stim,M6-011,FOV-110,SP-0034,3.1458317193136063,0.1150051825699835
SynC before,stim,M6-011,FOV-110,SP-0762,30.779900374420137,0.9581984252718752
SynC before,neighbor,M6-011,FOV-110,SP-0070,0.766512511543694,0.0
SynC before,neighbor,M6-011,FOV-110,SP-0666,-7.915725518430908,0.0
SynC before,neighbor,M6-011,FOV-110,SP-0528,-2.796201076907584,0.0
SynC before,neighbor,M6-011,FOV-110,SP-0407,3.9504767455926086,0.0
SynC before,stim,M6-011,FOV-023,SP-0437,-6.348790595735939,0.0622084282851232
SynC before,stim,M6-011,FOV-023,SP-0252,8.540307666580334,0.1827219552972624
SynC before,stim,M6-011,FOV-023,SP-0055,-26.52215847578478,0.0283354767513317
SynC before,stim,M6-011,FOV-023,SP-0999,-10.443666686010364,0.0507436712040578
SynC before,neighbor,M6-011,FOV-023,SP-0459,-22.18081988753241,0.0
SynC before,neighbor,M6-011,FOV-023,SP-0792,-10.780276310980666,0.0
SynC before,neighbor,M6-011,FOV-023,SP-1076,2.714160242778546,0.0
SynC before,neighbor,M6-011,FOV-023,SP-0095,-29.05013171864456,0.0
SynC before,stim,M6-011,FOV-049,SP-0189,2.850879616554037,0.1124201725840653
SynC before,stim,M6-011,FOV-049,SP-1042,-1.7964277251582492,0.0811888798513053
SynC before,stim,M6-011,FOV-049,SP-0566,-3.428190478461295,0.0733991259134503
SynC before,stim,M6-011,FOV-049,SP-0652,9.0825852711814,0.1923665905886555
SynC before,neighbor,M6-011,FOV-049,SP-0887,3.817858997274112,0.0
SynC before,neighbor,M6-011,FOV-049,SP-0884,-12.636770924669609,0.0
SynC before,neighbor,M6-011,FOV-049,SP-0868,10.86509701781208,0.0
SynC before,neighbor,M6-011,FOV-049,SP-0492,-7.434295603575483,0.0
SynC before,stim,M6-011,FOV-158,SP-0409,-0.8667644752906746,0.0862454699637836
SynC before,stim,M6-011,FOV-158,SP-0571,-3.905074726103189,0.0713518072594943
SynC before,stim,M6-011,FOV-158,SP-0016,-5.869656936105573,0.0638404272384643
SynC before,neighbor,M6-011,FOV-158,SP-0719,-5.61694924476985,0.0
SynC before,neighbor,M6-011,FOV-158,SP-0613,-5.235561221472395,0.0
SynC before,neighbor,M6-011,FOV-158,SP-0990,-3.033847570855727,0.0
SynC before,neighbor,M6-011,FOV-158,SP-0879,-1.7825164677433023,0.0
SynC before,stim,M6-011,FOV-009,SP-0717,-15.297948414002713,0.041263026880445
SynC before,stim,M6-011,FOV-009,SP-0675,-12.5526935481508,0.0461921024594606
SynC before,stim,M6-011,FOV-009,SP-0837,-1.4293957722147328,0.0831268669517749
SynC before,neighbor,M6-011,FOV-009,SP-0674,2.746317839053817,0.0
SynC before,neighbor,M6-011,FOV-009,SP-0506,29.15560762357214,0.0
SynC before,neighbor,M6-011,FOV-009,SP-0948,20.293942677081013,0.0
SynC before,stim,M6-011,FOV-114,SP-0307,8.27479737419735,0.1782329731188579
SynC before,stim,M6-011,FOV-114,SP-1026,-0.4544933766127152,0.0886510989932981
SynC before,stim,M6-011,FOV-114,SP-0206,24.605703533796497,0.7954891504284755
SynC before,neighbor,M6-011,FOV-114,SP-0428,-1.6112667602607529,0.0
SynC before,neighbor,M6-011,FOV-114,SP-0892,-0.1634517853043642,0.0
SynC before,neighbor,M6-011,FOV-114,SP-0953,-8.816400092987632,0.0
SynC before,neighbor,M6-011,FOV-114,SP-0369,-7.547074712065904,0.0
SynC before,stim,M6-004,FOV-119,SP-0382,-12.590784114178092,0.0461165807915346
SynC before,stim,M6-004,FOV-119,SP-0353,1.531898086145301,0.101873345914195
SynC before,stim,M6-004,FOV-119,SP-0756,12.211519403623852,0.2626663297869617
SynC before,stim,M6-004,FOV-119,SP-0766,2.1559658262473684,0.1066663626978346
SynC before,stim,M6-004,FOV-048,SP-0615,-0.3079614963769808,0.0895318972758347
SynC before,stim,M6-004,FOV-048,SP-1057,-1.316715845457879,0.0837368109686219
SynC before,stim,M6-004,FOV-048,SP-0224,5.519742772600349,0.1394384644483515
SynC before,stim,M6-004,FOV-048,SP-0681,59.356603392934005,0.999999958386846
SynC before,stim,M6-004,FOV-005,SP-0195,28.7167348949771,0.9235376896072124
SynC before,stim,M6-004,FOV-005,SP-1036,-0.9361328935173958,0.0858509303258346
SynC before,stim,M6-004,FOV-005,SP-0632,-0.6227555663050899,0.0876565329052334
SynC before,stim,M6-004,FOV-005,SP-0472,-6.646795283425156,0.0612287285680891
SynC before,stim,M6-004,FOV-137,SP-0946,8.110705364774978,0.1755322330136458
SynC before,stim,M6-004,FOV-137,SP-1041,-10.920935846015531,0.0496461650470238
SynC before,stim,M6-004,FOV-137,SP-0431,5.967169606441706,0.1448776918041625
dGAP 60-180,stim,M6-003,FOV-021,SP-0385,-9.778825991222696,0.0436391386918116
dGAP 60-180,stim,M6-003,FOV-021,SP-0848,1.1509688315664208,0.0833087712273353
dGAP 60-180,stim,M6-003,FOV-021,SP-0695,-0.5673877935728192,0.0738103887332924
dGAP 60-180,stim,M6-003,FOV-021,SP-0037,11.882002762192467,0.219466637569852
dGAP 60-180,neighbor,M6-003,FOV-021,SP-0926,10.51912797298854,0.0
dGAP 60-180,neighbor,M6-003,FOV-021,SP-0211,5.00793433871898,0.0
dGAP 60-180,neighbor,M6-003,FOV-021,SP-0545,3.488594582656745,0.0
dGAP 60-180,neighbor,M6-003,FOV-021,SP-0386,9.503449765824032,0.0
dGAP 60-180,stim,M6-003,FOV-068,SP-0825,1.5024886888013644,0.0854882092780454
dGAP 60-180,stim,M6-003,FOV-068,SP-0317,2.010765516689982,0.088799352976801
dGAP 60-180,stim,M6-003,FOV-068,SP-0458,6.438466573856056,0.1280503339440555
dGAP 60-180,stim,M6-003,FOV-068,SP-0923,0.6704900717566316,0.0804670836547552
dGAP 60-180,neighbor,M6-003,FOV-068,SP-0418,0.1371200009540664,0.0
dGAP 60-180,neighbor,M6-003,FOV-068,SP-0524,3.6183732917302063,0.0
dGAP 60-180,neighbor,M6-003,FOV-068,SP-0932,0.4752638639462067,0.0
dGAP 60-180,neighbor,M6-003,FOV-068,SP-0277,2.1517083760984645,0.0
dGAP 60-180,stim,M6-003,FOV-022,SP-0068,14.705061370272125,0.2990677877161894
dGAP 60-180,stim,M6-003,FOV-022,SP-0495,24.78188154804281,0.7706602998157428
dGAP 60-180,stim,M6-003,FOV-022,SP-0856,-6.257499308854721,0.0522097930652473
dGAP 60-180,stim,M6-003,FOV-022,SP-0191,9.830346266256274,0.1771952978873913
dGAP 60-180,neighbor,M6-003,FOV-022,SP-0676,0.0321039118008232,0.0
dGAP 60-180,neighbor,M6-003,FOV-022,SP-0534,4.227703145503423,0.0
dGAP 60-180,neighbor,M6-003,FOV-022,SP-0374,10.111911083766213,0.0
dGAP 60-180,neighbor,M6-003,FOV-022,SP-0247,6.9879631128426025,0.0
dGAP 60-180,stim,M6-003,FOV-155,SP-0960,-1.9502706358089952,0.0673580215252148
dGAP 60-180,stim,M6-003,FOV-155,SP-0712,2.6386991817762797,0.0931698783722548
dGAP 60-180,stim,M6-003,FOV-155,SP-0080,0.1862634389503232,0.0777541756339439
dGAP 60-180,stim,M6-003,FOV-155,SP-0314,4.036302760516768,0.1041515416446729
dGAP 60-180,neighbor,M6-003,FOV-155,SP-0905,-1.754327939975021,0.0
dGAP 60-180,neighbor,M6-003,FOV-155,SP-0772,-7.439400341534405,0.0
dGAP 60-180,neighbor,M6-003,FOV-155,SP-0141,2.945411268313883,0.0
dGAP 60-180,neighbor,M6-003,FOV-155,SP-0183,5.854436694064355,0.0
dGAP 60-180,stim,M6-003,FOV-130,SP-0714,-2.110586496202378,0.066669191579906
dGAP 60-180,stim,M6-003,FOV-130,SP-0698,-3.748510091565808,0.0602441651177588
dGAP 60-180,stim,M6-003,FOV-130,SP-0785,5.787306250819706,0.1208444074388614
dGAP 60-180,stim,M6-003,FOV-130,SP-0174,8.004682635708708,0.1480639611835956
dGAP 60-180,neighbor,M6-003,FOV-130,SP-0125,-9.196858399605762,0.0
dGAP 60-180,neighbor,M6-003,FOV-130,SP-0288,5.265396918950111,0.0
dGAP 60-180,neighbor,M6-003,FOV-130,SP-0423,1.155370285518906,0.0
dGAP 60-180,neighbor,M6-003,FOV-130,SP-0449,3.257679995862868,0.0
dGAP 60-180,stim,M6-003,FOV-108,SP-0836,2.859347257273531,0.0947839311642178
dGAP 60-180,stim,M6-003,FOV-108,SP-0324,-4.300844020090219,0.0583049423729121
dGAP 60-180,stim,M6-003,FOV-108,SP-0880,0.8297143235421417,0.0813917572314899
dGAP 60-180,stim,M6-003,FOV-108,SP-0197,-4.82187909284948,0.0565691240223945
dGAP 60-180,neighbor,M6-003,FOV-108,SP-0064,-0.6170034333693445,0.0
dGAP 60-180,neighbor,M6-003,FOV-108,SP-0215,-3.532678750451773,0.0
dGAP 60-180,neighbor,M6-003,FOV-108,SP-0404,-5.383894158616554,0.0
dGAP 60-180,neighbor,M6-003,FOV-108,SP-0725,2.670750661291507,0.0
dGAP 60-180,stim,M6-003,FOV-019,SP-0152,-7.482089992760844,0.0489227769140462
dGAP 60-180,stim,M6-003,FOV-019,SP-0648,4.716624636290379,0.1102100490965428
dGAP 60-180,stim,M6-003,FOV-019,SP-1068,15.29281298046639,0.3193024694097828
dGAP 60-180,stim,M6-003,FOV-019,SP-0051,0.1914610313116841,0.0777825259932647
dGAP 60-180,neighbor,M6-003,FOV-019,SP-0073,2.283206364270703,0.0
dGAP 60-180,neighbor,M6-003,FOV-019,SP-0563,-7.928331166394053,0.0
dGAP 60-180,neighbor,M6-003,FOV-019,SP-0663,3.8505890215668974,0.0
dGAP 60-180,neighbor,M6-003,FOV-019,SP-0060,10.933022908454474,0.0
dGAP 60-180,stim,M6-003,FOV-112,SP-0097,15.921565539768256,0.3424472777195357
dGAP 60-180,stim,M6-003,FOV-112,SP-0768,7.829248095544438,0.1456147382803114
dGAP 60-180,stim,M6-003,FOV-112,SP-0958,-2.0427470367049594,0.0669592736375608
dGAP 60-180,neighbor,M6-003,FOV-112,SP-0451,9.932369682048511,0.0
dGAP 60-180,neighbor,M6-003,FOV-112,SP-0024,-5.971898268579279,0.0
dGAP 60-180,neighbor,M6-003,FOV-112,SP-0151,1.0442707189030485,0.0
dGAP 60-180,neighbor,M6-003,FOV-112,SP-0898,1.0283923485037283,0.0
dGAP 60-180,stim,M6-002,FOV-042,SP-0921,27.71336676600616,0.8814700349854989
dGAP 60-180,stim,M6-002,FOV-042,SP-0120,7.405034497944596,0.1399185414166513
dGAP 60-180,stim,M6-002,FOV-042,SP-0316,-0.6412601810340661,0.073441008935074
dGAP 60-180,neighbor,M6-002,FOV-042,SP-0900,3.805909111086273,0.0
dGAP 60-180,neighbor,M6-002,FOV-042,SP-0387,3.631992706666577,0.0
dGAP 60-180,neighbor,M6-002,FOV-042,SP-1084,2.1140435278530143,0.0
dGAP 60-180,neighbor,M6-002,FOV-042,SP-0329,1.4003605009637623,0.0
dGAP 60-180,stim,M6-002,FOV-065,SP-1073,-7.59146462562714,0.0486464611950294
dGAP 60-180,stim,M6-002,FOV-065,SP-0767,-1.6949705316967287,0.0684790875846728
dGAP 60-180,stim,M6-002,FOV-065,SP-0668,0.0124093817166305,0.076815218042378
dGAP 60-180,stim,M6-002,FOV-065,SP-0069,2.695409946390618,0.0935807053793195
dGAP 60-180,neighbor,M6-002,FOV-065,SP-1054,-15.10410055627385,0.0
dGAP 60-180,neighbor,M6-002,FOV-065,SP-0099,-11.075278693650356,0.0
dGAP 60-180,neighbor,M6-002,FOV-065,SP-0586,3.25171437934275,0.0
dGAP 60-180,neighbor,M6-002,FOV-065,SP-0519,-4.225579616276858,0.0
dGAP 60-180,stim,M6-002,FOV-144,SP-0267,31.46569662810557,0.9594941102286164
dGAP 60-180,stim,M6-002,FOV-144,SP-0760,-17.601494976654156,0.0314414435077165
dGAP 60-180,stim,M6-002,FOV-144,SP-0293,-3.437124218139464,0.0613851100978784
dGAP 60-180,stim,M6-002,FOV-144,SP-0731,2.3396628932948347,0.0910484110317334
dGAP 60-180,neighbor,M6-002,FOV-144,SP-0734,0.0903171494453633,0.0
dGAP 60-180,neighbor,M6-002,FOV-144,SP-0199,2.245191469511783,0.0
dGAP 60-180,neighbor,M6-002,FOV-144,SP-0251,-5.682991580632408,0.0
dGAP 60-180,neighbor,M6-002,FOV-144,SP-0136,-1.163304449098948,0.0
dGAP 60-180,stim,M6-002,FOV-090,SP-1079,44.08959376464075,0.9997311086554842
dGAP 60-180,stim,M6-002,FOV-090,SP-0891,3.8787633863805686,0.1028191345295619
dGAP 60-180,stim,M6-002,FOV-090,SP-0729,11.14473618439827,0.2029541628032168
dGAP 60-180,stim,M6-002,FOV-090,SP-0075,28.92581154721505,0.9139665883730878
dGAP 60-180,neighbor,M6-002,FOV-090,SP-0223,16.75588690388717,0.0
dGAP 60-180,neighbor,M6-002,FOV-090,SP-0509,-14.825316693031466,0.0
dGAP 60-180,neighbor,M6-002,FOV-090,SP-0462,-11.319766559847135,0.0
dGAP 60-180,neighbor,M6-002,FOV-090,SP-0350,25.523258273764327,0.0
dGAP 60-180,stim,M6-002,FOV-004,SP-1044,10.74835829584682,0.1947122896623373
dGAP 60-180,stim,M6-002,FOV-004,SP-1027,6.485669802281512,0.1285963165984102
dGAP 60-180,stim,M6-002,FOV-004,SP-0939,5.85490972892793,0.1215651089163417
dGAP 60-180,neighbor,M6-002,FOV-004,SP-0977,13.205663255090268,0.0
dGAP 60-180,neighbor,M6-002,FOV-004,SP-1035,-19.59550510206549,0.0
dGAP 60-180,neighbor,M6-002,FOV-004,SP-0071,-2.299530879667612,0.0
dGAP 60-180,neighbor,M6-002,FOV-004,SP-0132,-14.69369286866103,0.0
dGAP 60-180,stim,M6-006,FOV-126,SP-0093,10.523422600259169,0.1902224413426192
dGAP 60-180,stim,M6-006,FOV-126,SP-0299,-9.16341779001119,0.0449543550066327
dGAP 60-180,neighbor,M6-006,FOV-126,SP-0680,-13.855411369841232,0.0
dGAP 60-180,neighbor,M6-006,FOV-126,SP-0201,-5.588797866410833,0.0
dGAP 60-180,neighbor,M6-006,FOV-126,SP-0427,-2.2155378993861423,0.0
dGAP 60-180,neighbor,M6-006,FOV-126,SP-0910,4.084321695619419,0.0
dGAP 60-180,stim,M6-006,FOV-080,SP-0835,107.6497175437114,1.0
dGAP 60-180,stim,M6-006,FOV-080,SP-0890,5.383205040409749,0.1166622895254847
dGAP 60-180,stim,M6-006,FOV-080,SP-0490,-8.198321187183874,0.0471609662784027
dGAP 60-180,stim,M6-006,FOV-080,SP-0579,9.03414785669577,0.1636272759273747
dGAP 60-180,neighbor,M6-006,FOV-080,SP-0660,15.077983443278598,0.0
dGAP 60-180,neighbor,M6-006,FOV-080,SP-0696,-1.494777657931469,0.0
dGAP 60-180,neighbor,M6-006,FOV-080,SP-0025,-0.107491537228854,0.0
dGAP 60-180,neighbor,M6-006,FOV-080,SP-0922,-7.482709790809518,0.0
dGAP 60-180,stim,M6-006,FOV-013,SP-0704,65.5545468426853,0.9999999992187382
dGAP 60-180,stim,M6-006,FOV-013,SP-0340,150.89169975260234,1.0
dGAP 60-180,stim,M6-006,FOV-013,SP-0241,2.4194145986938502,0.0916069242495338
dGAP 60-180,stim,M6-006,FOV-013,SP-0242,11.397485289728474,0.2084372747196566
dGAP 60-180,neighbor,M6-006,FOV-013,SP-0109,-7.946038371228623,0.0
dGAP 60-180,neighbor,M6-006,FOV-013,SP-0094,-2.3424286673060504,0.0
dGAP 60-180,neighbor,M6-006,FOV-013,SP-0319,-7.539088458821319,0.0
dGAP 60-180,neighbor,M6-006,FOV-013,SP-1025,3.952740725771181,0.0
dGAP 60-180,stim,M6-006,FOV-091,SP-0205,56.57833294170155,0.9999997078114314
dGAP 60-180,stim,M6-006,FOV-091,SP-0061,4.522947730438673,0.108433340082015
dGAP 60-180,stim,M6-006,FOV-091,SP-0115,3.4372513523149046,0.0992178756763148
dGAP 60-180,neighbor,M6-006,FOV-091,SP-0285,-6.325238788080835,0.0
dGAP 60-180,neighbor,M6-006,FOV-091,SP-0216,-2.8511430458764857,0.0
dGAP 60-180,neighbor,M6-006,FOV-091,SP-0844,10.652683863642991,0.0
dGAP 60-180,stim,M6-006,FOV-089,SP-0320,-4.627576114864166,0.0572062137257205
dGAP 60-180,stim,M6-006,FOV-089,SP-0280,3.18024579644814,0.0972081389599669
dGAP 60-180,stim,M6-006,FOV-089,SP-0673,0.3045315962717673,0.078403334601699
dGAP 60-180,stim,M6-006,FOV-089,SP-0889,-5.085475154394201,0.0557236492210942
dGAP 60-180,neighbor,M6-006,FOV-089,SP-0087,-0.0495581143105877,0.0
dGAP 60-180,neighbor,M6-006,FOV-089,SP-0435,7.460507514230489,0.0
dGAP 60-180,neighbor,M6-006,FOV-089,SP-0424,-6.045460299994671,0.0
dGAP 60-180,neighbor,M6-006,FOV-089,SP-0323,0.826078005435757,0.0
dGAP 60-180,stim,M6-006,FOV-074,SP-0005,-4.791054076630463,0.0566693992972865
dGAP 60-180,stim,M6-006,FOV-074,SP-0203,8.463205439584012,0.1547370186667498
dGAP 60-180,stim,M6-006,FOV-074,SP-0078,3.96681058946445,0.1035606510191997
dGAP 60-180,neighbor,M6-006,FOV-074,SP-0118,10.325194093058892,0.0
dGAP 60-180,neighbor,M6-006,FOV-074,SP-0229,6.452725100366585,0.0
dGAP 60-180,stim,M6-006,FOV-124,SP-0230,160.91280100208823,1.0
dGAP 60-180,neighbor,M6-006,FOV-124,SP-0351,-1.4186929064025395,0.0
dGAP 60-180,neighbor,M6-006,FOV-124,SP-0631,-12.554194929201245,0.0
dGAP 60-180,neighbor,M6-006,FOV-124,SP-1014,-21.649389380377663,0.0
dGAP 60-180,neighbor,M6-006,FOV-124,SP-0920,-1.4669444012256647,0.0
dGAP 0-60,stim,M6-008,FOV-079,SP-0779,17.480272693937902,0.4534174266206842
dGAP 0-60,stim,M6-008,FOV-079,SP-0853,9.63978286955771,0.2030615298680265
dGAP 0-60,stim,M6-008,FOV-079,SP-0248,11.29861525598472,0.2393933188738375
dGAP 0-60,stim,M6-008,FOV-079,SP-1088,2.097674939286402,0.1062510862017481
dGAP 0-60,stim,M6-008,FOV-061,SP-0460,17.974490365233187,0.4761493341423942
dGAP 0-60,stim,M6-008,FOV-061,SP-0569,-4.805818716306525,0.067765063426902
dGAP 0-60,stim,M6-008,FOV-061,SP-0123,0.555810011239893,0.0950591465136748
dGAP 0-60,stim,M6-008,FOV-061,SP-0110,0.3505527973349002,0.0937082874578877
dGAP 0-60,stim,M6-008,FOV-038,SP-0043,-4.654567265368717,0.0683512130756459
dGAP 0-60,stim,M6-008,FOV-038,SP-0794,3.440801900619759,0.1177319131238765
dGAP 0-60,stim,M6-008,FOV-038,SP-0575,-6.625748871699439,0.0613254815953975
dGAP 0-60,stim,M6-008,FOV-038,SP-0357,-2.680608824191473,0.0768443834811224
dGAP 0-60,stim,M6-008,FOV-051,SP-0484,-0.0678826006718707,0.0910461351232791
dGAP 0-60,stim,M6-008,FOV-051,SP-1065,19.597036292649182,0.5548956925727975
dGAP 0-60,stim,M6-008,FOV-051,SP-0732,9.022505335513358,0.1913419554661162
dGAP 0-60,stim,M6-008,FOV-051,SP-0124,4.766617989115518,0.1309807851266971
dGAP 0-60,stim,M6-003,FOV-071,SP-1038,0.2535771714828982,0.0930805076076413
dGAP 0-60,stim,M6-003,FOV-071,SP-0244,0.9505507358887302,0.0977441493610565
dGAP 0-60,stim,M6-003,FOV-071,SP-0394,-0.9810408474618172,0.0856357134364463
dGAP 0-60,stim,M6-003,FOV-071,SP-0153,4.820869097967231,0.1315687719643209
dGAP 0-60,neighbor,M6-003,FOV-071,SP-0531,-5.2751288507079,0.0
dGAP 0-60,neighbor,M6-003,FOV-071,SP-1085,-0.9906624833658282,0.0
dGAP 0-60,neighbor,M6-003,FOV-071,SP-0541,-1.4562482306787727,0.0
dGAP 0-60,neighbor,M6-003,FOV-071,SP-0956,1.1804287418076986,0.0
dGAP 0-60,stim,M6-003,FOV-033,SP-0787,-4.304071411329746,0.0697424968888102
dGAP 0-60,stim,M6-003,FOV-033,SP-0667,4.7240695861590165,0.1305223082665995
dGAP 0-60,stim,M6-003,FOV-033,SP-0290,4.109780802736778,0.124156608697374
dGAP 0-60,neighbor,M6-003,FOV-033,SP-0412,9.008553409447623,0.0
dGAP 0-60,neighbor,M6-003,FOV-033,SP-0572,0.1767749567203105,0.0
dGAP 0-60,neighbor,M6-003,FOV-033,SP-0303,6.616840881084705,0.0
dGAP 0-60,neighbor,M6-003,FOV-033,SP-0276,5.513279951514014,0.0
dGAP 0-60,stim,M6-003,FOV-018,SP-0931,17.498223188486328,0.4542306532062882
dGAP 0-60,stim,M6-003,FOV-018,SP-0234,3.467171145936917,0.1179757007403475
dGAP 0-60,stim,M6-003,FOV-018,SP-0231,36.222536346314136,0.993682730355176
dGAP 0-60,stim,M6-003,FOV-018,SP-1024,2.2731658233037257,0.1076523797981211
dGAP 0-60,neighbor,M6-003,FOV-018,SP-0405,9.446769088946445,0.0
dGAP 0-60,neighbor,M6-003,FOV-018,SP-0755,-8.575715046693496,0.0
dGAP 0-60,neighbor,M6-003,FOV-018,SP-0410,-2.045772753505604,0.0
dGAP 0-60,neighbor,M6-003,FOV-018,SP-0429,-3.190941099603872,0.0
dGAP 0-60,stim,M6-003,FOV-036,SP-0213,29.19594244586543,0.9331644953065896
dGAP 0-60,stim,M6-003,FOV-036,SP-0604,10.854543182009545,0.2289276265044919
dGAP 0-60,stim,M6-003,FOV-036,SP-0504,-0.5922891437403056,0.0878748753820644
dGAP 0-60,stim,M6-003,FOV-036,SP-0422,-1.0160464520892352,0.0854385630043246
dGAP 0-60,neighbor,M6-003,FOV-036,SP-0106,1.6428907492730231,0.0
dGAP 0-60,neighbor,M6-003,FOV-036,SP-0433,2.263524533845517,0.0
dGAP 0-60,neighbor,M6-003,FOV-036,SP-0264,-1.6585211828462922,0.0
dGAP 0-60,neighbor,M6-003,FOV-036,SP-0447,-4.109949655629399,0.0
dGAP 0-60,stim,M6-003,FOV-133,SP-0363,6.867857468882808,0.156840635869273
dGAP 0-60,stim,M6-003,FOV-133,SP-0774,3.6051776237355466,0.1192639570003315
dGAP 0-60,stim,M6-003,FOV-133,SP-0664,1.2972020560974773,0.1002006748866996
dGAP 0-60,stim,M6-003,FOV-133,SP-0029,0.5169207580360495,0.0948008715758853
dGAP 0-60,neighbor,M6-003,FOV-133,SP-0004,0.7405661330827349,0.0
dGAP 0-60,neighbor,M6-003,FOV-133,SP-0735,6.172105699230709,0.0
dGAP 0-60,neighbor,M6-003,FOV-133,SP-0091,6.621212553109173,0.0
dGAP 0-60,neighbor,M6-003,FOV-133,SP-0685,-2.60462117323147,0.0
dGAP 0-60,stim,M6-002,FOV-157,SP-0646,2.107101091099815,0.106325644599443
dGAP 0-60,stim,M6-002,FOV-157,SP-0693,8.207860294692027,0.1771965852808365
dGAP 0-60,stim,M6-002,FOV-157,SP-0971,2.660640865053808,0.1108477569043787
dGAP 0-60,stim,M6-002,FOV-157,SP-0544,10.09954863401135,0.2123959834936115
dGAP 0-60,neighbor,M6-002,FOV-157,SP-0228,2.878712170961245,0.0
dGAP 0-60,neighbor,M6-002,FOV-157,SP-0894,-9.328446781816329,0.0
dGAP 0-60,neighbor,M6-002,FOV-157,SP-1047,-0.4825230073028788,0.0
dGAP 0-60,neighbor,M6-002,FOV-157,SP-0870,-8.911591092881837,0.0
dGAP 0-60,stim,M6-002,FOV-014,SP-1080,12.031698989662736,0.2579543159676655
dGAP 0-60,stim,M6-002,FOV-014,SP-0318,42.21306477003507,0.9994753980507658
dGAP 0-60,stim,M6-002,FOV-014,SP-0402,-11.750777280760756,0.0478570547812983
dGAP 0-60,stim,M6-002,FOV-014,SP-0022,-30.92909692060014,0.0251547489023366
dGAP 0-60,stim,M6-006,FOV-017,SP-0503,3.1937522510907788,0.1154840349681978
dGAP 0-60,stim,M6-006,FOV-017,SP-0635,-28.328413237476685,0.02695159854455
dGAP 0-60,stim,M6-006,FOV-017,SP-0670,29.37473212390317,0.9364882643656468
dGAP 0-60,neighbor,M6-006,FOV-017,SP-0874,-37.45906224359497,0.0
dGAP 0-60,neighbor,M6-006,FOV-017,SP-0501,-1.32178168725428,0.0
dGAP 0-60,neighbor,M6-006,FOV-017,SP-0599,-14.998728076280118,0.0
dGAP 0-60,stim,M6-006,FOV-140,SP-0178,114.99231547575464,1.0
dGAP 0-60,stim,M6-006,FOV-140,SP-0464,1.6448040326879498,0.102761203902143
dGAP 0-60,stim,M6-006,FOV-140,SP-0325,-8.093910454741563,0.0568511958869457
dGAP 0-60,stim,M6-006,FOV-140,SP-1072,-25.3384405610656,0.0293411743242825
dGAP 0-60,neighbor,M6-006,FOV-140,SP-0220,-11.282453885976093,0.0
dGAP 0-60,neighbor,M6-006,FOV-140,SP-0538,-4.924187783809799,0.0
dGAP 0-60,neighbor,M6-006,FOV-140,SP-0830,-6.592030911324351,0.0
dGAP 0-60,neighbor,M6-006,FOV-140,SP-0072,-14.618953700677462,0.0
dGAP 0-60,stim,M6-006,FOV-034,SP-0452,-47.579273049438505,0.0175279475568282
dGAP 0-60,stim,M6-006,FOV-034,SP-0279,27.28987660791769,0.888679825613027
dGAP 0-60,stim,M6-006,FOV-034,SP-0331,124.0911140549705,1.0
dGAP 0-60,stim,M6-006,FOV-034,SP-0475,163.2656569945909,1.0
dGAP 0-60,neighbor,M6-006,FOV-034,SP-0185,-7.324538751002634,0.0
dGAP 0-60,neighbor,M6-006,FOV-034,SP-0272,-19.7370203491588,0.0
dGAP 0-60,neighbor,M6-006,FOV-034,SP-0688,-14.09469871815535,0.0
dGAP 0-60,neighbor,M6-006,FOV-034,SP-0989,-12.515144247221397,0.0
dGAP before,stim,M6-008,FOV-103,SP-0780,6.737859679100271,0.1359682969634864
dGAP before,stim,M6-008,FOV-103,SP-0583,-4.866667948654956,0.0584793681450265
dGAP before,stim,M6-008,FOV-103,SP-0740,4.879961086628264,0.1155656327425568
dGAP before,stim,M6-008,FOV-103,SP-0876,20.638172915169147,0.5702361511240878
dGAP before,stim,M6-008,FOV-032,SP-0019,-1.961153851738597,0.0697335903520927
dGAP before,stim,M6-008,FOV-032,SP-0507,13.432509064584927,0.2671033602131857
dGAP before,stim,M6-008,FOV-032,SP-0815,9.48150228014558,0.1765256555594851
dGAP before,stim,M6-008,FOV-032,SP-0411,-6.201687377606971,0.0542847233695505
dGAP before,stim,M6-008,FOV-142,SP-0240,5.684348398535216,0.1238183911308759
dGAP before,stim,M6-008,FOV-142,SP-0269,39.24554460772471,0.9977972677720228
dGAP before,stim,M6-008,FOV-142,SP-0720,26.768655813093627,0.8554520992217638
dGAP before,stim,M6-008,FOV-142,SP-0304,15.203894710231058,0.3244187757196596
dGAP before,stim,M6-008,FOV-093,SP-0912,-5.678155940354607,0.055867263741021
dGAP before,stim,M6-008,FOV-093,SP-1043,-9.986685468106057,0.0448069261993931
dGAP before,stim,M6-008,FOV-093,SP-0009,5.646945104711472,0.1234160061820256
dGAP before,stim,M6-008,FOV-093,SP-0311,18.001915285076457,0.4393202833344563
dGAP before,stim,M6-008,FOV-099,SP-1020,-0.6759543572816958,0.0758882281420473
dGAP before,stim,M6-008,FOV-099,SP-0053,21.087857850390108,0.5937160850786868
dGAP before,stim,M6-008,FOV-099,SP-0286,6.139678017492552,0.1288716076542346
dGAP before,stim,M6-008,FOV-099,SP-0764,20.38683019944892,0.5571797693798531
dGAP before,stim,M6-003,FOV-067,SP-0401,9.899666354643736,0.1840786143780208
dGAP before,stim,M6-003,FOV-067,SP-0627,-8.135414740849082,0.0490520132127919
dGAP before,stim,M6-003,FOV-067,SP-0221,-6.867237855119537,0.052380042588662
dGAP before,neighbor,M6-003,FOV-067,SP-0516,5.986456941388579,0.0
dGAP before,neighbor,M6-003,FOV-067,SP-1007,-2.212996266506009,0.0
dGAP before,neighbor,M6-003,FOV-067,SP-0339,3.028445991857736,0.0
dGAP before,neighbor,M6-003,FOV-067,SP-0200,-11.627907546992422,0.0
dGAP before,stim,M6-003,FOV-109,SP-1009,4.8672930178221225,0.1154421414059877
dGAP before,stim,M6-003,FOV-109,SP-0886,3.5763781294363217,0.1038109389388271
dGAP before,stim,M6-003,FOV-109,SP-1004,-0.0919789709356043,0.0789775531618622
dGAP before,stim,M6-003,FOV-109,SP-0150,3.82547784485218,0.105915618211102
dGAP before,neighbor,M6-003,FOV-109,SP-0651,8.272645787438014,0.0
dGAP before,neighbor,M6-003,FOV-109,SP-1034,-4.093839392059217,0.0
dGAP before,neighbor,M6-003,FOV-109,SP-0381,-3.1181940961980263,0.0
dGAP before,neighbor,M6-003,FOV-109,SP-0273,3.5499470978336927,0.0
dGAP before,stim,M6-003,FOV-058,SP-0010,-1.3402347444864304,0.0726025514347581
dGAP before,stim,M6-003,FOV-058,SP-0788,10.125159795415383,0.1883257718009637
dGAP before,stim,M6-003,FOV-058,SP-0160,9.59467909847311,0.1785293730050813
dGAP before,stim,M6-003,FOV-058,SP-0227,0.0289049281070976,0.0796420138620391
dGAP before,neighbor,M6-003,FOV-058,SP-0275,0.6923107315862392,0.0
dGAP before,neighbor,M6-003,FOV-058,SP-0349,7.311493421818385,0.0
dGAP before,neighbor,M6-003,FOV-058,SP-0494,0.1604044180221776,0.0
dGAP before,neighbor,M6-003,FOV-058,SP-0526,0.2050359234851618,0.0
dGAP before,stim,M6-003,FOV-104,SP-1059,0.2537040819756795,0.0809014111124511
dGAP before,stim,M6-003,FOV-104,SP-0033,3.314054818533064,0.1016615594925454
dGAP before,stim,M6-003,FOV-104,SP-0367,19.02779296337076,0.4883098829724672
dGAP before,stim,M6-003,FOV-104,SP-1074,7.341830628806186,0.1437047620270636
dGAP before,neighbor,M6-003,FOV-104,SP-0577,-3.301264864935786,0.0
dGAP before,neighbor,M6-003,FOV-104,SP-0988,0.7594446793184185,0.0
dGAP before,neighbor,M6-003,FOV-104,SP-0378,1.3152107720521096,0.0
dGAP before,neighbor,M6-003,FOV-104,SP-0679,8.390405289293518,0.0
dGAP before,stim,M6-003,FOV-020,SP-0957,8.628364107549952,0.1623366863424746
dGAP before,stim,M6-003,FOV-020,SP-0300,2.2406300537574118,0.0935312634072785
dGAP before,stim,M6-003,FOV-020,SP-0938,7.731388983815151,0.1490228459085816
dGAP before,neighbor,M6-003,FOV-020,SP-0181,-2.1329287463005446,0.0
dGAP before,neighbor,M6-003,FOV-020,SP-0032,-6.388964762997796,0.0
dGAP before,neighbor,M6-003,FOV-020,SP-0092,-0.3884076795443216,0.0
dGAP before,neighbor,M6-003,FOV-020,SP-0265,-1.9221950843388036,0.0
dGAP before,stim,M6-002,FOV-088,SP-0555,0.9986620981298812,0.0853070521757908
dGAP before,stim,M6-002,FOV-088,SP-0154,10.141587633012902,0.1886400961717104
dGAP before,stim,M6-002,FOV-088,SP-0859,10.381469069041886,0.1933073661160358
dGAP before,stim,M6-002,FOV-088,SP-0983,-0.0984263479764478,0.0789423608344565
dGAP before,neighbor,M6-002,FOV-088,SP-0861,7.033128685507401,0.0
dGAP before,neighbor,M6-002,FOV-088,SP-0048,4.495181321876253,0.0
dGAP before,neighbor,M6-002,FOV-088,SP-0523,-4.455554434170096,0.0
dGAP before,neighbor,M6-002,FOV-088,SP-0671,-16.439319263685878,0.0
dGAP before,stim,M6-002,FOV-040,SP-0576,1.4161296188879082,0.0879421751647472
dGAP before,stim,M6-002,FOV-040,SP-0457,19.704822544023585,0.522174754512598
dGAP before,stim,M6-002,FOV-040,SP-0657,16.411087012420857,0.3703555868018572
dGAP before,stim,M6-002,FOV-040,SP-0805,2.0161319387034955,0.0919563981263813
dGAP before,neighbor,M6-002,FOV-040,SP-0474,-9.82652365298688,0.0
dGAP before,neighbor,M6-002,FOV-040,SP-1082,0.8994040689380131,0.0
dGAP before,neighbor,M6-002,FOV-040,SP-0549,-5.239783000111362,0.0
dGAP before,neighbor,M6-002,FOV-040,SP-0065,-15.065916706037523,0.0
dGAP before,stim,M6-002,FOV-031,SP-0878,6.451742709075097,0.1325065727218165
dGAP before,stim,M6-002,FOV-031,SP-0857,11.445392835558495,0.2158530924830505
dGAP before,stim,M6-002,FOV-031,SP-0672,2.439939627225447,0.0949643229471582
dGAP before,stim,M6-002,FOV-031,SP-0724,-0.94021038183015,0.0745531345199864
dGAP before,neighbor,M6-002,FOV-031,SP-0039,18.502125905416783,0.0
dGAP before,neighbor,M6-002,FOV-031,SP-1005,28.06636094997567,0.0
dGAP before,neighbor,M6-002,FOV-031,SP-0806,21.87133374740171,0.0
dGAP before,neighbor,M6-002,FOV-031,SP-0730,8.888292630561212,0.0
dGAP before,stim,M6-002,FOV-121,SP-0826,14.237183254834072,0.2916893118453387
dGAP before,stim,M6-002,FOV-121,SP-0281,12.2811831582096,0.2358605514183126
dGAP before,stim,M6-002,FOV-121,SP-0338,24.72393053303739,0.7747353433743941
dGAP before,neighbor,M6-002,FOV-121,SP-0170,7.548893457287192,0.0
dGAP before,neighbor,M6-002,FOV-121,SP-0684,29.507419888350032,0.0
dGAP before,neighbor,M6-002,FOV-121,SP-0686,-3.864089801335157,0.0
dGAP before,stim,M6-006,FOV-084,SP-0601,20.977444001470293,0.5879413635826027
dGAP before,stim,M6-006,FOV-084,SP-0482,-3.753439769176081,0.0624111539750046
dGAP before,stim,M6-006,FOV-084,SP-0116,20.33260014820053,0.5543716591406365
dGAP before,stim,M6-006,FOV-084,SP-0147,63.69690499678412,0.9999999972753404
dGAP before,neighbor,M6-006,FOV-084,SP-0616,-14.329408463288363,0.0
dGAP before,neighbor,M6-006,FOV-084,SP-0689,3.520619420305012,0.0
dGAP before,neighbor,M6-006,FOV-084,SP-1075,-6.040858014374289,0.0
dGAP before,neighbor,M6-006,FOV-084,SP-0142,-1.3169075284918907,0.0
dGAP before,stim,M6-006,FOV-136,SP-0778,-1.1487450336397216,0.0735259220424884
dGAP before,stim,M6-006,FOV-136,SP-0489,-5.262903991932835,0.0571788155587334
dGAP before,stim,M6-006,FOV-136,SP-0636,-0.485796019893172,0.0768727624094311
dGAP before,stim,M6-006,FOV-136,SP-0854,256.775830538327,1.0
dGAP before,neighbor,M6-006,FOV-136,SP-0777,-5.756912176598875,0.0
dGAP before,neighbor,M6-006,FOV-136,SP-0807,-5.223884921482478,0.0
dGAP before,neighbor,M6-006,FOV-136,SP-1051,-35.750943907522505,0.0
dGAP before,neighbor,M6-006,FOV-136,SP-0716,1.8752269246413176,0.0
dGAP before,stim,M6-006,FOV-052,SP-0747,-22.05928020558325,0.0279688683467776
dGAP before,stim,M6-006,FOV-052,SP-0372,7.514316809190452,0.1460265632612961
dGAP before,stim,M6-006,FOV-052,SP-0284,162.25207910797505,1.0
dGAP before,neighbor,M6-006,FOV-052,SP-0608,-16.54627380068189,0.0
dGAP before,neighbor,M6-006,FOV-052,SP-0505,12.616353404419854,0.0
dGAP before,neighbor,M6-006,FOV-052,SP-0847,10.676917648850816,0.0
dGAP before,neighbor,M6-006,FOV-052,SP-0929,-1.1490728961719727,0.0
dGAP before,stim,M6-006,FOV-069,SP-0662,9.490776597771552,0.1766887401447156
dGAP before,stim,M6-006,FOV-069,SP-0510,-2.7046962921512,0.0665331143812358
dGAP before,stim,M6-006,FOV-069,SP-0232,-18.045559615190037,0.0320929119239529
dGAP before,stim,M6-006,FOV-069,SP-0992,-8.135633491428147,0.0490514707245753
dGAP before,neighbor,M6-006,FOV-069,SP-0364,6.023936223208484,0.0
dGAP before,neighbor,M6-006,FOV-069,SP-0955,11.070059947828303,0.0
dGAP before,neighbor,M6-006,FOV-069,SP-1087,3.165265669515504,0.0
dGAP before,neighbor,M6-006,FOV-069,SP-0849,-7.934877118618212,0.0
dGAP before,stim,M6-006,FOV-143,SP-1031,90.45319573367306,1.0
dGAP before,stim,M6-006,FOV-143,SP-0532,-0.3798148116453996,0.0774303402416208
dGAP before,stim,M6-006,FOV-143,SP-0645,-24.13760664531217,0.0261993630695035
dGAP before,stim,M6-006,FOV-143,SP-0770,6.175552856044212,0.1292822114061075
dGAP before,neighbor,M6-006,FOV-143,SP-0455,12.702548991114416,0.0
dGAP before,neighbor,M6-006,FOV-143,SP-0046,-9.776611136430994,0.0
dGAP before,neighbor,M6-006,FOV-143,SP-0172,-0.8618199803598307,0.0
dGAP before,neighbor,M6-006,FOV-143,SP-0753,9.319414073461068,0.0
dGAP before,stim,M6-006,FOV-125,SP-0558,-12.752598273223429,0.0395544280737178
dGAP before,stim,M6-006,FOV-125,SP-0573,-6.933789825728865,0.0521958547138508
dGAP before,stim,M6-006,FOV-125,SP-0765,6.837033067365576,0.1371979611479767
dGAP before,neighbor,M6-006,FOV-125,SP-0432,-5.409337774652642,0.0
dGAP before,neighbor,M6-006,FOV-125,SP-0361,-6.802193456857785,0.0
dGAP before,neighbor,M6-006,FOV-125,SP-0875,1.8917279730006868,0.0
dGAP before,stim,M6-006,FOV-066,SP-0557,8.351115145369612,0.1580548139708853
dGAP before,stim,M6-006,FOV-066,SP-0254,5.139613725414487,0.1181398964554056
dGAP before,stim,M6-006,FOV-066,SP-0647,16.087221018939594,0.3574762372834565
dGAP before,stim,M6-006,FOV-066,SP-0027,-1.363868402768858,0.0724898838271226
dGAP before,neighbor,M6-006,FOV-066,SP-0425,-4.386391715771688,0.0
dGAP before,neighbor,M6-006,FOV-066,SP-0430,4.859530786621214,0.0
dGAP before,neighbor,M6-006,FOV-066,SP-0414,7.762988324541664,0.0
dGAP before,neighbor,M6-006,FOV-066,SP-0263,2.038881666448589,0.0
WT,stim,M6-005,FOV-047,SP-0750,20.08262386243265,0.696580536116521
WT,stim,M6-005,FOV-047,SP-0625,58.92819283920576,0.9999999671418364
WT,stim,M6-005,FOV-047,SP-0578,14.065003074765327,0.4380721410632654
WT,stim,M6-005,FOV-047,SP-0362,-4.2989020295607485,0.1111412674578694
WT,neighbor,M6-005,FOV-047,SP-0344,-6.639598126208237,0.0
WT,neighbor,M6-005,FOV-047,SP-0936,-0.7887583969491051,0.0
WT,neighbor,M6-005,FOV-047,SP-0881,-4.298332655613052,0.0
WT,neighbor,M6-005,FOV-047,SP-0944,-0.0892308778676816,0.0
WT,stim,M6-005,FOV-148,SP-0107,47.91146910472252,0.9999796645638858
WT,stim,M6-005,FOV-148,SP-0238,2.735113683892828,0.1729969081443878
WT,stim,M6-005,FOV-148,SP-0436,-4.645393772992049,0.1090442981873013
WT,stim,M6-005,FOV-148,SP-0006,-2.415252428205264,0.1237919991702064
WT,neighbor,M6-005,FOV-148,SP-0245,-0.7411393295261797,0.0
WT,neighbor,M6-005,FOV-148,SP-0298,-2.991332116846672,0.0
WT,neighbor,M6-005,FOV-148,SP-0515,-1.4385276502544435,0.0
WT,neighbor,M6-005,FOV-148,SP-0902,1.3279082016424697,0.0
WT,stim,M6-005,FOV-015,SP-1061,-7.045353607824109,0.0961654078078019
WT,stim,M6-005,FOV-015,SP-0795,-0.7264653745275794,0.1372309823913584
WT,stim,M6-005,FOV-015,SP-0135,-24.484193781672055,0.0491946042383228
WT,stim,M6-005,FOV-015,SP-0082,4.306226611176129,0.1939856259309659
WT,neighbor,M6-005,FOV-015,SP-0749,-2.0143222308430984,0.0
WT,neighbor,M6-005,FOV-015,SP-0217,-1.9986670966837268,0.0
WT,neighbor,M6-005,FOV-015,SP-0607,-5.992852136125108,0.0
WT,neighbor,M6-005,FOV-015,SP-0159,-3.63133533841012,0.0
WT,stim,M6-005,FOV-070,SP-1062,5.573539280362722,0.2136665890329324
WT,stim,M6-005,FOV-070,SP-1048,78.3206869637904,0.9999999999999852
WT,stim,M6-005,FOV-070,SP-0728,-2.281166901947641,0.1247808089498693
WT,stim,M6-005,FOV-070,SP-0517,-4.724396130423574,0.1085753191871881
WT,neighbor,M6-005,FOV-070,SP-0872,-4.824799236146364,0.0
WT,neighbor,M6-005,FOV-070,SP-0328,-5.324058065491487,0.0
WT,neighbor,M6-005,FOV-070,SP-0256,5.117058158569112,0.0
WT,neighbor,M6-005,FOV-070,SP-0580,-9.91568949242121,0.0
WT,stim,M6-005,FOV-135,SP-0026,32.6704678155881,0.986268316036672
WT,stim,M6-005,FOV-135,SP-0710,5.052637404204567,0.2052531203153721
WT,neighbor,M6-005,FOV-135,SP-0179,0.1333089820237742,0.0
WT,neighbor,M6-005,FOV-135,SP-0384,-9.024222023713344,0.0
WT,neighbor,M6-005,FOV-135,SP-0261,-9.108628332556933,0.0
WT,neighbor,M6-005,FOV-135,SP-0592,-3.04252412994686,0.0
WT,stim,M6-005,FOV-077,SP-0164,-2.170183016142294,0.1256088871609996
WT,stim,M6-005,FOV-077,SP-0439,-2.1783007271295705,0.1255480204743813
WT,stim,M6-005,FOV-077,SP-0568,54.29715347166555,0.9999994200373422
WT,stim,M6-005,FOV-077,SP-0822,-1.118911745347376,0.1339081779793679
WT,neighbor,M6-005,FOV-077,SP-0478,0.8480830264507692,0.0
WT,neighbor,M6-005,FOV-077,SP-0867,18.083071659748992,0.0
WT,neighbor,M6-005,FOV-077,SP-0914,-7.428767408357688,0.0
WT,neighbor,M6-005,FOV-077,SP-0337,17.266233905515854,0.0
WT,stim,M6-005,FOV-007,SP-0149,64.75648470464675,0.9999999993242764
WT,stim,M6-005,FOV-007,SP-0486,3.95118393156224,0.1889326771999347
WT,neighbor,M6-005,FOV-007,SP-0312,-6.28857673582679,0.0
WT,neighbor,M6-005,FOV-007,SP-0218,2.906328251042817,0.0
WT,neighbor,M6-005,FOV-007,SP-0927,-6.924641854339418,0.0
WT,stim,M6-005,FOV-098,SP-1046,3.3048098183501446,0.1802082321036185
WT,stim,M6-005,FOV-098,SP-0967,9.764303093260947,0.3013566045750675
WT,stim,M6-005,FOV-098,SP-0556,35.32046876202787,0.994659101135829
WT,neighbor,M6-005,FOV-098,SP-0810,5.681579140341924,0.0
WT,neighbor,M6-005,FOV-098,SP-0012,2.455883521995589,0.0
WT,neighbor,M6-005,FOV-098,SP-0156,9.95360091244226,0.0
WT,neighbor,M6-005,FOV-098,SP-0502,0.7240776494668785,0.0
WT,stim,M6-005,FOV-151,SP-0040,-1.8041654705351573,0.1284031612520276
WT,stim,M6-005,FOV-151,SP-0969,13.517895106978594,0.41778597404037
WT,stim,M6-005,FOV-151,SP-0827,11.155016552763954,0.3398779669117964
WT,neighbor,M6-005,FOV-151,SP-0985,-2.2229617770079777,0.0
WT,neighbor,M6-005,FOV-151,SP-0908,8.66373973057667,0.0
WT,neighbor,M6-005,FOV-151,SP-0134,-7.180214103908559,0.0
WT,neighbor,M6-005,FOV-151,SP-0084,-1.1325975755656763,0.0
WT,stim,M6-005,FOV-050,SP-0376,-1.2142005072777504,0.1331205022347276
WT,stim,M6-005,FOV-050,SP-0098,19.074130637970523,0.651841771873268
WT,stim,M6-005,FOV-050,SP-0759,129.93419794655776,1.0
WT,neighbor,M6-005,FOV-050,SP-0754,1.0371381430646187,0.0
WT,neighbor,M6-005,FOV-050,SP-0869,-23.944633130619504,0.0
WT,neighbor,M6-005,FOV-050,SP-1071,-6.150305032979396,0.0
WT,neighbor,M6-005,FOV-050,SP-0838,18.631601428510404,0.0
WT,stim,M6-005,FOV-111,SP-0769,-11.058814974369096,0.0796728049176857
WT,stim,M6-005,FOV-111,SP-0175,0.8307597379325339,0.1517724906963162
WT,stim,M6-005,FOV-111,SP-1016,2.6894519392489245,0.1724373692024307
WT,stim,M6-005,FOV-111,SP-1037,-0.5786925828427916,0.138515848501593
WT,neighbor,M6-005,FOV-111,SP-0390,-4.5780018132091165,0.0
WT,neighbor,M6-005,FOV-111,SP-0640,-1.5657951242525268,0.0
WT,neighbor,M6-005,FOV-111,SP-0204,-12.746017208253804,0.0
WT,neighbor,M6-005,FOV-111,SP-0308,6.146831574960005,0.0
WT,stim,M6-005,FOV-085,SP-0845,10.576344923982132,0.3232093717250562
WT,stim,M6-005,FOV-085,SP-0388,3.2200307112326514,0.1791075123481001
WT,stim,M6-005,FOV-085,SP-0546,0.1299124267004626,0.1449462306905794
WT,neighbor,M6-005,FOV-085,SP-0155,-5.238348008266147,0.0
WT,neighbor,M6-005,FOV-085,SP-0813,-17.402227489710473,0.0
WT,neighbor,M6-005,FOV-085,SP-0866,-1.9727948784661016,0.0
WT,neighbor,M6-005,FOV-085,SP-0823,7.713197453697342,0.0
WT,stim,M6-005,FOV-039,SP-0511,162.0997988620036,1.0
WT,neighbor,M6-005,FOV-039,SP-0291,-4.69633936050768,0.0
WT,neighbor,M6-005,FOV-039,SP-0943,-19.99908536676378,0.0
WT,neighbor,M6-005,FOV-039,SP-0665,-7.383295102851007,0.0
WT,neighbor,M6-005,FOV-039,SP-0995,5.117579337647025,0.0
WT,stim,M6-005,FOV-072,SP-0690,-16.40034940962447,0.0642628759836817
WT,stim,M6-005,FOV-072,SP-0994,-0.8998957508107656,0.1357467388267975
WT,stim,M6-005,FOV-072,SP-0190,45.39577478969039,0.9999285187419864
WT,stim,M6-005,FOV-072,SP-0313,-17.306304132581538,0.0621721430564589
WT,neighbor,M6-005,FOV-072,SP-0177,-7.604586646928643,0.0
WT,neighbor,M6-005,FOV-072,SP-0173,1.9249440374275288,0.0
WT,neighbor,M6-005,FOV-072,SP-1064,-4.520157554868187,0.0
WT,neighbor,M6-005,FOV-072,SP-0052,9.986780502650172,0.0
WT,stim,M6-005,FOV-025,SP-0194,12.51528777190271,0.3827822508355096
WT,stim,M6-005,FOV-025,SP-0333,7.133727111537589,0.2418671258500385
WT,stim,M6-005,FOV-025,SP-1015,142.4104009331388,1.0
WT,stim,M6-005,FOV-025,SP-0841,139.61278744342954,1.0
WT,neighbor,M6-005,FOV-025,SP-0180,-2.801445225335254,0.0
WT,neighbor,M6-005,FOV-025,SP-1078,3.124661055905668,0.0
WT,neighbor,M6-005,FOV-025,SP-1000,3.4208425448563298,0.0
WT,neighbor,M6-005,FOV-025,SP-0855,0.527974528622591,0.0
WT,neighbor,M6-005,FOV-025,SP-0678,-6.887444092806495,0.0
WT,stim,M6-005,FOV-132,SP-0448,3.925200019955065,0.1885703102092448
WT,stim,M6-005,FOV-132,SP-0942,2.3825642530868234,0.1687453007508589
WT,stim,M6-005,FOV-132,SP-0389,6.158687940482473,0.223695077287486
WT,stim,M6-005,FOV-132,SP-0471,6.990503178823829,0.239077675868297
WT,neighbor,M6-005,FOV-132,SP-0270,-1.8250241147726465,0.0
WT,neighbor,M6-005,FOV-132,SP-0620,15.153028245493488,0.0
WT,neighbor,M6-005,FOV-132,SP-0442,4.943179330541751,0.0
WT,neighbor,M6-005,FOV-132,SP-0761,-4.984955649912807,0.0
WT,stim,M6-005,FOV-153,SP-0289,9.308270179716988,0.2898447769239266
WT,stim,M6-005,FOV-153,SP-0047,22.104187369927438,0.7806940073090459
WT,stim,M6-005,FOV-153,SP-0781,-17.411416267480025,0.0619375489063197
WT,neighbor,M6-005,FOV-153,SP-0044,-17.770937055899353,0.0
WT,neighbor,M6-005,FOV-153,SP-0564,0.1955626485943123,0.0
WT,neighbor,M6-005,FOV-153,SP-0979,4.920543676383313,0.0
WT,neighbor,M6-005,FOV-153,SP-0083,-6.2829372895304925,0.0
WT,stim,M6-005,FOV-094,SP-1070,45.32017139884664,0.9999258564763008
WT,stim,M6-005,FOV-094,SP-0499,2.689597008398935,0.1724391426463218
WT,stim,M6-005,FOV-094,SP-0226,69.44033901889314,0.9999999999772822
WT,neighbor,M6-005,FOV-094,SP-0539,46.51788452320057,0.0
WT,neighbor,M6-005,FOV-094,SP-0713,-4.50260918586154,0.0
WT,neighbor,M6-005,FOV-094,SP-0703,-34.38119760348403,0.0
WT,neighbor,M6-005,FOV-094,SP-0751,-0.1998312608821481,0.0
WT,stim,M6-009,FOV-076,SP-0965,-18.365122798661616,0.0598805010957167
WT,stim,M6-009,FOV-076,SP-1083,1.8013901051840329,0.1620685456500304
WT,stim,M6-009,FOV-076,SP-0925,-10.669366598666937,0.0810517530800483
WT,stim,M6-009,FOV-076,SP-0483,19.43568880162856,0.667996425283868
WT,neighbor,M6-009,FOV-076,SP-0962,-3.33322107857835,0.0
WT,neighbor,M6-009,FOV-076,SP-0282,-4.278732568476001,0.0
WT,neighbor,M6-009,FOV-076,SP-0941,7.351543743964479,0.0
WT,neighbor,M6-009,FOV-076,SP-0249,22.23287205194696,0.0
WT,stim,M6-009,FOV-024,SP-1056,-8.782771817878006,0.0883631822441245
WT,stim,M6-009,FOV-024,SP-0491,26.12992767226322,0.9062202536212478
WT,stim,M6-009,FOV-024,SP-0137,-10.659981340946183,0.0810854991208672
WT,stim,M6-009,FOV-024,SP-0013,-14.92686987828867,0.0679476331108802
WT,neighbor,M6-009,FOV-024,SP-0739,11.51206706702204,0.0
WT,neighbor,M6-009,FOV-024,SP-0119,-6.714664638645783,0.0
WT,neighbor,M6-009,FOV-024,SP-0877,-8.347483542647295,0.0
WT,neighbor,M6-009,FOV-024,SP-0913,-11.61160265989074,0.0
WT,stim,M6-009,FOV-059,SP-0088,4.617939632032158,0.1985821735322967
WT,stim,M6-009,FOV-059,SP-0416,-6.864178455342836,0.0970465558571122
WT,stim,M6-009,FOV-059,SP-1086,100.13387079181894,1.0
WT,neighbor,M6-009,FOV-059,SP-0236,7.760420775481601,0.0
WT,neighbor,M6-009,FOV-059,SP-0850,22.531196884539767,0.0
WT,neighbor,M6-009,FOV-059,SP-0812,-20.95833368226092,0.0
WT,neighbor,M6-009,FOV-059,SP-0843,18.487997753937435,0.0
WT,stim,M6-009,FOV-056,SP-0512,-4.110233166391461,0.1123112106181105
WT,stim,M6-009,FOV-056,SP-0930,26.22761509890046,0.9084391460111664
WT,stim,M6-009,FOV-056,SP-0332,-2.840153597278217,0.120740505899662
WT,stim,M6-009,FOV-056,SP-0408,5.76043672320027,0.2168016015542518
WT,neighbor,M6-009,FOV-056,SP-0629,8.86134695175586,0.0
WT,neighbor,M6-009,FOV-056,SP-0346,-3.09422974521311,0.0
WT,neighbor,M6-009,FOV-056,SP-0122,-14.77670303094532,0.0
WT,neighbor,M6-009,FOV-056,SP-0801,-13.008905856936405,0.0
WT,stim,M6-009,FOV-043,SP-1069,-17.04027369058859,0.0627731525950158
WT,stim,M6-009,FOV-043,SP-0741,30.94555038730912,0.9758113788967724
WT,stim,M6-009,FOV-043,SP-0283,-10.22090881861926,0.0826921327426211
WT,stim,M6-009,FOV-043,SP-0895,-7.349582791744804,0.0947159917824975
WT,neighbor,M6-009,FOV-043,SP-0514,-27.770117262678525,0.0
WT,neighbor,M6-009,FOV-043,SP-0309,-21.67225813157152,0.0
WT,neighbor,M6-009,FOV-043,SP-0321,-1.9295363227634457,0.0
WT,stim,M6-009,FOV-146,SP-0473,-15.550933037455128,0.0663416727806962
WT,stim,M6-009,FOV-146,SP-1002,-6.374668839417764,0.099496914781766
WT,stim,M6-009,FOV-146,SP-0535,-10.746968416145572,0.0807736632978572
WT,stim,M6-009,FOV-146,SP-0820,27.908709200878825,0.940782382968102
WT,neighbor,M6-009,FOV-146,SP-0305,-8.964085219789904,0.0
WT,neighbor,M6-009,FOV-146,SP-0591,-0.4977127909676012,0.0
WT,neighbor,M6-009,FOV-146,SP-0021,1.6391288286042545,0.0
WT,neighbor,M6-009,FOV-146,SP-0465,-9.822260196423835,0.0
