,start_time,end_time,event_name
0,5661.80796,5672.71872,Centroid~10mm_per_s
1,6148.76976,6160.88724,Centroid~10mm_per_s
2,7705.5391199999995,7719.86892,Centroid~10mm_per_s
3,7731.53388,7742.645759999999,Centroid~10mm_per_s
4,8012.24712,8022.90648,Centroid~10mm_per_s
5,8054.83428,8069.868,Centroid~10mm_per_s
6,8083.9464,8094.65604,Centroid~10mm_per_s
7,8136.2376,8147.70144,Centroid~10mm_per_s
8,8277.07188,8287.27872,Centroid~10mm_per_s
9,8291.45196,8301.70908,Centroid~10mm_per_s
10,8656.48476,8705.55804,Centroid~10mm_per_s
11,8863.33668,8876.56032,Centroid~10mm_per_s
12,9054.70236,9064.858919999999,Centroid~10mm_per_s
